Dia,"Nome da campanha","Nome do conjunto de anúncios","Nome do anúncio","Nome da Página","Status de veiculação","Nível de veiculação",Alcance,Impressões,Frequência,"Configuração de atribuição","Tipo de resultado",Resultados,"Valor usado (BRL)","Custo por resultado",Início,Término,"Cliques no link","CPM (custo por 1.000 impressões)","Início dos relatórios","Encerramento dos relatórios"
2026-06-30,"[CLEBER][BASE 1] 300,00","RMKT — Cópia",01,"Casa e Cia",not_delivering,ad,170,183,1.07647059,"Clique de 7 dias ou visualização de 1 dia",,,4.51,,2026-06-30,Contínuo,,24.64480874,2026-06-30,2026-06-30
2026-06-30,"[CLEBER][BASE 1] 300,00","RMKT — Cópia",01,"Casa e Cia",not_delivering,ad,198,231,1.16666667,"Clique de 7 dias ou visualização de 1 dia","Conversas por mensagem iniciadas",1,4.51,4.51,2026-06-30,Contínuo,5,19.52380952,2026-06-30,2026-06-30
2026-06-30,"SELEÇÃO DE OFERTAS 1 - PREMIUM Campanha","SELEÇÃO DE OFERTAS 1 - PREMIUM Conjunto de anúncios","SELEÇÃO DE OFERTAS 1 - PREMIUM","Casa e Cia",not_delivering,ad,1963,2543,1.29546612,"Clique de 7 dias ou visualização de 1 dia","Conversas por mensagem iniciadas",7,36.65,5.23571429,2026-06-15,2026-06-30,28,14.41211168,2026-06-30,2026-06-30
2026-06-30,"[CLEBER][BASE 1] 300,00",RMKT,01,"Casa e Cia",not_delivering,ad,205,224,1.09268293,"Clique de 7 dias ou visualização de 1 dia",,,4.9,,2026-06-30,Contínuo,5,21.875,2026-06-30,2026-06-30
2026-06-30,"[CLEBER][BASE 3] 300,00","ABER 01 — Cópia",01,"Casa e Cia",not_delivering,ad,296,346,1.16891892,"Clique de 7 dias ou visualização de 1 dia","Conversas por mensagem iniciadas",2,4.86,2.43,2026-06-30,Contínuo,5,14.04624277,2026-06-30,2026-06-30
2026-06-30,"[CLEBER][BASE 1] 300,00","RMKT — Cópia",01,"Casa e Cia",not_delivering,ad,197,221,1.12182741,"Clique de 7 dias ou visualização de 1 dia",,,3.74,,2026-06-30,Contínuo,3,16.92307692,2026-06-30,2026-06-30
2026-06-30,"[CLEBER][BASE 1] 300,00","RMKT — Cópia",01,"Casa e Cia",not_delivering,ad,185,208,1.12432432,"Clique de 7 dias ou visualização de 1 dia","Conversas por mensagem iniciadas",2,4.03,2.015,2026-06-30,Contínuo,3,19.375,2026-06-30,2026-06-30
2026-06-30,"[CLEBER][BASE 1] 300,00","RMKT — Cópia",01,"Casa e Cia",not_delivering,ad,191,221,1.15706806,"Clique de 7 dias ou visualização de 1 dia","Conversas por mensagem iniciadas",1,4.98,4.98,2026-06-30,Contínuo,5,22.53393665,2026-06-30,2026-06-30
2026-06-30,"[CLEBER][BASE 3] 300,00","ABER 01 — Cópia",01,"Casa e Cia",not_delivering,ad,208,223,1.07211538,"Clique de 7 dias ou visualização de 1 dia",,,2.66,,2026-06-30,Contínuo,2,11.92825112,2026-06-30,2026-06-30
2026-06-30,"LIMPA ESTOQUE PREMIUM Campanha","LIMPA ESTOQUE PREMIUM Conjunto de anúncios","LIMPA ESTOQUE PREMIUM","Casa e Cia",not_delivering,ad,3776,6052,1.60275424,"Clique de 7 dias ou visualização de 1 dia","Conversas por mensagem iniciadas",13,74.67,5.74384615,2026-06-29,2026-07-05,58,12.33807006,2026-06-30,2026-06-30
2026-06-30,"LIMPA ESTOQUE CENTRO Campanha","LIMPA ESTOQUE CENTRO Conjunto de anúncios","LIMPA ESTOQUE CENTRO","Casa & Cia Centro",not_delivering,ad,1691,2793,1.65168539,"Clique de 7 dias ou visualização de 1 dia","Conversas por mensagem iniciadas",6,52.19,8.69833333,2026-06-29,2026-07-05,46,18.68600072,2026-06-30,2026-06-30
2026-06-30,"[CLEBER][BASE 3] 300,00","ABER 01 — Cópia",01,"Casa e Cia",not_delivering,ad,184,201,1.0923913,"Clique de 7 dias ou visualização de 1 dia","Conversas por mensagem iniciadas",2,2.93,1.465,2026-06-30,Contínuo,3,14.57711443,2026-06-30,2026-06-30
2026-06-30,"[CLEBER][BASE 1] 300,00","RMKT — Cópia",01,"Casa e Cia",not_delivering,ad,204,239,1.17156863,"Clique de 7 dias ou visualização de 1 dia","Conversas por mensagem iniciadas",1,3.94,3.94,2026-06-30,Contínuo,5,16.48535565,2026-06-30,2026-06-30
2026-06-30,"[CLEBER][BASE 2] 120,00- principal",RMKT,01,"Casa e Cia",not_delivering,ad,285,333,1.16842105,"Clique de 7 dias ou visualização de 1 dia","Conversas por mensagem iniciadas",1,5.35,5.35,2026-06-30,Contínuo,9,16.06606607,2026-06-30,2026-06-30
2026-06-30,"[CLEBER][BASE 1] 300,00","RMKT — Cópia",01,"Casa e Cia",not_delivering,ad,204,228,1.11764706,"Clique de 7 dias ou visualização de 1 dia",,,3.95,,2026-06-30,Contínuo,3,17.3245614,2026-06-30,2026-06-30
2026-06-30,"SELEÇÃO DE OFERTAS 1 - CENTRO Campanha","SELEÇÃO DE OFERTAS 1 - CENTRO Conjunto de anúncios","SELEÇÃO DE OFERTAS 1 - CENTRO","Casa & Cia Centro",not_delivering,ad,2903,3370,1.16086807,"Clique de 7 dias ou visualização de 1 dia","Conversas por mensagem iniciadas",17,35.03,2.06058824,2026-06-15,2026-06-30,66,10.39465875,2026-06-30,2026-06-30
2026-06-30,"[CLEBER][BASE 1] 300,00","RMKT — Cópia",01,"Casa e Cia",not_delivering,ad,150,169,1.12666667,"Clique de 7 dias ou visualização de 1 dia","Conversas por mensagem iniciadas",1,3.58,3.58,2026-06-30,Contínuo,3,21.18343195,2026-06-30,2026-06-30
2026-06-30,"[CLEBER][BASE 3] 300,00","ABER 01 — Cópia",01,"Casa e Cia",not_delivering,ad,119,136,1.14285714,"Clique de 7 dias ou visualização de 1 dia",,,3.21,,2026-06-30,Contínuo,3,23.60294118,2026-06-30,2026-06-30
2026-06-30,"[CLEBER][BASE 3] 300,00","ABER 01 — Cópia",01,"Casa e Cia",not_delivering,ad,143,152,1.06293706,"Clique de 7 dias ou visualização de 1 dia","Conversas por mensagem iniciadas",2,2.6,1.3,2026-06-30,Contínuo,3,17.10526316,2026-06-30,2026-06-30
2026-06-30,"[CLEBER][BASE 3] 300,00","ABER 01",01,"Casa e Cia",not_delivering,ad,168,179,1.06547619,"Clique de 7 dias ou visualização de 1 dia",,,2.52,,2026-06-30,Contínuo,4,14.07821229,2026-06-30,2026-06-30
2026-06-30,"[CLEBER][BASE 2] 120,00- principal","ABE 03",01,"Casa e Cia",not_delivering,ad,534,570,1.06741573,"Clique de 7 dias ou visualização de 1 dia","Conversas por mensagem iniciadas",6,6.9,1.15,2026-06-30,Contínuo,20,12.10526316,2026-06-30,2026-06-30
2026-06-30,"MIX -* FRIO*",quente,01,"Mix Home",not_delivering,ad,43,46,1.06976744,"Clique de 7 dias ou visualização de 1 dia",,,0.44,,2026-06-30,Contínuo,,9.56521739,2026-06-30,2026-06-30
2026-06-30,"[CLEBER][BASE 3] 300,00","ABER 01 — Cópia",01,"Casa e Cia",not_delivering,ad,167,173,1.03592814,"Clique de 7 dias ou visualização de 1 dia","Conversas por mensagem iniciadas",2,2.91,1.455,2026-06-30,Contínuo,5,16.82080925,2026-06-30,2026-06-30
2026-06-30,"SELEÇÃO DE OFERTAS 2 - PREMIUM Campanha","SELEÇÃO DE OFERTAS 2 - PREMIUM Conjunto de anúncios","SELEÇÃO DE OFERTAS 2 - PREMIUM","Casa e Cia",not_delivering,ad,1659,2057,1.23990356,"Clique de 7 dias ou visualização de 1 dia",,,35.73,,2026-06-15,2026-06-30,15,17.36995625,2026-06-30,2026-06-30
2026-06-30,"[CLEBER][BASE 2] 120,00- principal","ABE 02",01,"Casa e Cia",not_delivering,ad,548,600,1.09489051,"Clique de 7 dias ou visualização de 1 dia","Conversas por mensagem iniciadas",8,6.64,0.83,2026-06-30,Contínuo,19,11.06666667,2026-06-30,2026-06-30
2026-06-30,"[CLEBER][BASE 3] 300,00","ABER 01 — Cópia",01,"Casa e Cia",not_delivering,ad,130,138,1.06153846,"Clique de 7 dias ou visualização de 1 dia",,,2.43,,2026-06-30,Contínuo,1,17.60869565,2026-06-30,2026-06-30
2026-06-30,"[CLEBER][BASE 1] 30,00",RMKT,01,"Casa e Cia",not_delivering,ad,792,1109,1.40025253,"Clique de 7 dias ou visualização de 1 dia","Conversas por mensagem iniciadas",2,18.12,9.06,2026-06-30,Contínuo,19,16.33904418,2026-06-30,2026-06-30
2026-06-30,"[CLEBER][BASE 1] 300,00","RMKT — Cópia",01,"Casa e Cia",not_delivering,ad,166,184,1.10843373,"Clique de 7 dias ou visualização de 1 dia",,,3.74,,2026-06-30,Contínuo,2,20.32608696,2026-06-30,2026-06-30
2026-06-30,"[CLEBER][BASE 3] 300,00","ABER 01 — Cópia",01,"Casa e Cia",not_delivering,ad,135,148,1.0962963,"Clique de 7 dias ou visualização de 1 dia","Conversas por mensagem iniciadas",2,2.87,1.435,2026-06-30,Contínuo,3,19.39189189,2026-06-30,2026-06-30
2026-06-30,"MIX -* FRIO*",quente,02,"Mix Home",not_delivering,ad,17,20,1.17647059,"Clique de 7 dias ou visualização de 1 dia",,,0.45,,2026-06-30,Contínuo,,22.5,2026-06-30,2026-06-30
2026-06-30,"[CLEBER][BASE 2] 120,00- principal","ABE 01",01,"Casa e Cia",not_delivering,ad,471,505,1.07218684,"Clique de 7 dias ou visualização de 1 dia","Conversas por mensagem iniciadas",8,7.63,0.95375,2026-06-30,Contínuo,18,15.10891089,2026-06-30,2026-06-30
2026-06-30,"[CLEBER][BASE 3] 300,00","ABER 01 — Cópia",01,"Casa e Cia",not_delivering,ad,167,174,1.04191617,"Clique de 7 dias ou visualização de 1 dia","Conversas por mensagem iniciadas",1,2.64,2.64,2026-06-30,Contínuo,4,15.17241379,2026-06-30,2026-06-30
2026-06-30,"SELEÇÃO DE OFERTAS 2 - CENTRO Campanha","SELEÇÃO DE OFERTAS 2 - CENTRO Conjunto de anúncios","SELEÇÃO DE OFERTAS 2 - CENTRO","Casa & Cia Centro",not_delivering,ad,1737,2266,1.30454807,"Clique de 7 dias ou visualização de 1 dia","Conversas por mensagem iniciadas",5,32.17,6.434,2026-06-15,2026-06-30,27,14.19682259,2026-06-30,2026-06-30
2026-06-29,"SELEÇÃO DE OFERTAS 2 - CENTRO Campanha","SELEÇÃO DE OFERTAS 2 - CENTRO Conjunto de anúncios","SELEÇÃO DE OFERTAS 2 - CENTRO","Casa & Cia Centro",not_delivering,ad,1514,1673,1.10501982,"Clique de 7 dias ou visualização de 1 dia","Conversas por mensagem iniciadas",1,18,18,2026-06-15,2026-06-30,13,10.75911536,2026-06-29,2026-06-29
2026-06-29,"SELEÇÃO DE OFERTAS 2 - PREMIUM Campanha","SELEÇÃO DE OFERTAS 2 - PREMIUM Conjunto de anúncios","SELEÇÃO DE OFERTAS 2 - PREMIUM","Casa e Cia",not_delivering,ad,1512,1776,1.17460317,"Clique de 7 dias ou visualização de 1 dia","Conversas por mensagem iniciadas",2,20.18,10.09,2026-06-15,2026-06-30,23,11.36261261,2026-06-29,2026-06-29
2026-06-29,"SELEÇÃO DE OFERTAS 1 - CENTRO Campanha","SELEÇÃO DE OFERTAS 1 - CENTRO Conjunto de anúncios","SELEÇÃO DE OFERTAS 1 - CENTRO","Casa & Cia Centro",not_delivering,ad,1691,1922,1.13660556,"Clique de 7 dias ou visualização de 1 dia","Conversas por mensagem iniciadas",4,20.53,5.1325,2026-06-15,2026-06-30,33,10.68158169,2026-06-29,2026-06-29
2026-06-29,"LIMPA ESTOQUE CENTRO Campanha","LIMPA ESTOQUE CENTRO Conjunto de anúncios","LIMPA ESTOQUE CENTRO","Casa & Cia Centro",not_delivering,ad,277,397,1.433213,"Clique de 7 dias ou visualização de 1 dia","Conversas por mensagem iniciadas",1,5.88,5.88,2026-06-29,2026-07-05,3,14.81108312,2026-06-29,2026-06-29
2026-06-29,"LIMPA ESTOQUE PREMIUM Campanha","LIMPA ESTOQUE PREMIUM Conjunto de anúncios","LIMPA ESTOQUE PREMIUM","Casa e Cia",not_delivering,ad,230,276,1.2,"Clique de 7 dias ou visualização de 1 dia","Conversas por mensagem iniciadas",2,3.8,1.9,2026-06-29,2026-07-05,5,13.76811594,2026-06-29,2026-06-29
2026-06-29,"SELEÇÃO DE OFERTAS 1 - PREMIUM Campanha","SELEÇÃO DE OFERTAS 1 - PREMIUM Conjunto de anúncios","SELEÇÃO DE OFERTAS 1 - PREMIUM","Casa e Cia",not_delivering,ad,1716,2002,1.16666667,"Clique de 7 dias ou visualização de 1 dia","Conversas por mensagem iniciadas",4,20.35,5.0875,2026-06-15,2026-06-30,28,10.16483516,2026-06-29,2026-06-29
2026-06-28,"SELEÇÃO DE OFERTAS 1 - CENTRO Campanha","SELEÇÃO DE OFERTAS 1 - CENTRO Conjunto de anúncios","SELEÇÃO DE OFERTAS 1 - CENTRO","Casa & Cia Centro",not_delivering,ad,0,0,0,"Clique de 7 dias ou visualização de 1 dia","Conversas por mensagem iniciadas",1,0,0,2026-06-15,2026-06-30,,,2026-06-28,2026-06-28
2026-06-28,"SELEÇÃO DE OFERTAS 2 - PREMIUM Campanha","SELEÇÃO DE OFERTAS 2 - PREMIUM Conjunto de anúncios","SELEÇÃO DE OFERTAS 2 - PREMIUM","Casa e Cia",not_delivering,ad,0,0,0,"Clique de 7 dias ou visualização de 1 dia","Conversas por mensagem iniciadas",1,0,0,2026-06-15,2026-06-30,,,2026-06-28,2026-06-28
2026-06-27,"SELEÇÃO DE OFERTAS 2 - CENTRO Campanha","SELEÇÃO DE OFERTAS 2 - CENTRO Conjunto de anúncios","SELEÇÃO DE OFERTAS 2 - CENTRO","Casa & Cia Centro",not_delivering,ad,1,1,1,"Clique de 7 dias ou visualização de 1 dia",,,0.01,,2026-06-15,2026-06-30,,10,2026-06-27,2026-06-27
2026-06-27,"SELEÇÃO DE OFERTAS 2 - PREMIUM Campanha","SELEÇÃO DE OFERTAS 2 - PREMIUM Conjunto de anúncios","SELEÇÃO DE OFERTAS 2 - PREMIUM","Casa e Cia",not_delivering,ad,1,1,1,"Clique de 7 dias ou visualização de 1 dia",,,0.01,,2026-06-15,2026-06-30,,10,2026-06-27,2026-06-27
2026-06-27,"SELEÇÃO DE OFERTAS 1 - PREMIUM Campanha","SELEÇÃO DE OFERTAS 1 - PREMIUM Conjunto de anúncios","SELEÇÃO DE OFERTAS 1 - PREMIUM","Casa e Cia",not_delivering,ad,3,3,1,"Clique de 7 dias ou visualização de 1 dia",,,0.02,,2026-06-15,2026-06-30,,6.66666667,2026-06-27,2026-06-27
2026-06-26,"SELEÇÃO DE OFERTAS 2 - CENTRO Campanha","SELEÇÃO DE OFERTAS 2 - CENTRO Conjunto de anúncios","SELEÇÃO DE OFERTAS 2 - CENTRO","Casa & Cia Centro",not_delivering,ad,912,1193,1.30811404,"Clique de 7 dias ou visualização de 1 dia","Conversas por mensagem iniciadas",1,12.5,12.5,2026-06-15,2026-06-30,7,10.47778709,2026-06-26,2026-06-26
2026-06-26,"SELEÇÃO DE OFERTAS 2 - PREMIUM Campanha","SELEÇÃO DE OFERTAS 2 - PREMIUM Conjunto de anúncios","SELEÇÃO DE OFERTAS 2 - PREMIUM","Casa e Cia",not_delivering,ad,1225,1614,1.31755102,"Clique de 7 dias ou visualização de 1 dia","Conversas por mensagem iniciadas",3,19.16,6.38666667,2026-06-15,2026-06-30,17,11.87112763,2026-06-26,2026-06-26
2026-06-26,"SELEÇÃO DE OFERTAS 1 - CENTRO Campanha","SELEÇÃO DE OFERTAS 1 - CENTRO Conjunto de anúncios","SELEÇÃO DE OFERTAS 1 - CENTRO","Casa & Cia Centro",not_delivering,ad,1458,1633,1.12002743,"Clique de 7 dias ou visualização de 1 dia","Conversas por mensagem iniciadas",6,15.28,2.54666667,2026-06-15,2026-06-30,32,9.35701164,2026-06-26,2026-06-26
2026-06-26,"SELEÇÃO DE OFERTAS 1 - PREMIUM Campanha","SELEÇÃO DE OFERTAS 1 - PREMIUM Conjunto de anúncios","SELEÇÃO DE OFERTAS 1 - PREMIUM","Casa e Cia",not_delivering,ad,1803,2294,1.2723239,"Clique de 7 dias ou visualização de 1 dia","Conversas por mensagem iniciadas",4,20.23,5.0575,2026-06-15,2026-06-30,24,8.81865737,2026-06-26,2026-06-26
2026-06-25,"SELEÇÃO DE OFERTAS 1 - PREMIUM Campanha","SELEÇÃO DE OFERTAS 1 - PREMIUM Conjunto de anúncios","SELEÇÃO DE OFERTAS 1 - PREMIUM","Casa e Cia",not_delivering,ad,1666,2130,1.2785114,"Clique de 7 dias ou visualização de 1 dia","Conversas por mensagem iniciadas",5,22.24,4.448,2026-06-15,2026-06-30,23,10.44131455,2026-06-25,2026-06-25
2026-06-25,"SELEÇÃO DE OFERTAS 1 - CENTRO Campanha","SELEÇÃO DE OFERTAS 1 - CENTRO Conjunto de anúncios","SELEÇÃO DE OFERTAS 1 - CENTRO","Casa & Cia Centro",not_delivering,ad,2495,3055,1.2244489,"Clique de 7 dias ou visualização de 1 dia","Conversas por mensagem iniciadas",18,30.33,1.685,2026-06-15,2026-06-30,50,9.92798691,2026-06-25,2026-06-25
2026-06-25,"SELEÇÃO DE OFERTAS 2 - PREMIUM Campanha","SELEÇÃO DE OFERTAS 2 - PREMIUM Conjunto de anúncios","SELEÇÃO DE OFERTAS 2 - PREMIUM","Casa e Cia",not_delivering,ad,1242,1747,1.40660225,"Clique de 7 dias ou visualização de 1 dia","Conversas por mensagem iniciadas",4,22.03,5.5075,2026-06-15,2026-06-30,16,12.6101889,2026-06-25,2026-06-25
2026-06-25,"SELEÇÃO DE OFERTAS 2 - CENTRO Campanha","SELEÇÃO DE OFERTAS 2 - CENTRO Conjunto de anúncios","SELEÇÃO DE OFERTAS 2 - CENTRO","Casa & Cia Centro",not_delivering,ad,958,1535,1.60229645,"Clique de 7 dias ou visualização de 1 dia","Conversas por mensagem iniciadas",3,26.22,8.74,2026-06-15,2026-06-30,12,17.08143322,2026-06-25,2026-06-25
2026-06-24,"SELEÇÃO DE OFERTAS 2 - CENTRO Campanha","SELEÇÃO DE OFERTAS 2 - CENTRO Conjunto de anúncios","SELEÇÃO DE OFERTAS 2 - CENTRO","Casa & Cia Centro",not_delivering,ad,971,1541,1.58702369,"Clique de 7 dias ou visualização de 1 dia","Conversas por mensagem iniciadas",5,32.92,6.584,2026-06-15,2026-06-30,18,21.36275146,2026-06-24,2026-06-24
2026-06-24,"SELEÇÃO DE OFERTAS 2 - PREMIUM Campanha","SELEÇÃO DE OFERTAS 2 - PREMIUM Conjunto de anúncios","SELEÇÃO DE OFERTAS 2 - PREMIUM","Casa e Cia",not_delivering,ad,1422,1989,1.39873418,"Clique de 7 dias ou visualização de 1 dia","Conversas por mensagem iniciadas",6,32.58,5.43,2026-06-15,2026-06-30,21,16.3800905,2026-06-24,2026-06-24
2026-06-24,"SELEÇÃO DE OFERTAS 1 - CENTRO Campanha","SELEÇÃO DE OFERTAS 1 - CENTRO Conjunto de anúncios","SELEÇÃO DE OFERTAS 1 - CENTRO","Casa & Cia Centro",not_delivering,ad,1840,2387,1.29728261,"Clique de 7 dias ou visualização de 1 dia","Conversas por mensagem iniciadas",12,34.27,2.85583333,2026-06-15,2026-06-30,43,14.35693339,2026-06-24,2026-06-24
2026-06-24,"SELEÇÃO DE OFERTAS 1 - PREMIUM Campanha","SELEÇÃO DE OFERTAS 1 - PREMIUM Conjunto de anúncios","SELEÇÃO DE OFERTAS 1 - PREMIUM","Casa e Cia",not_delivering,ad,2141,2815,1.31480617,"Clique de 7 dias ou visualização de 1 dia","Conversas por mensagem iniciadas",5,32.1,6.42,2026-06-15,2026-06-30,29,11.40319716,2026-06-24,2026-06-24
2026-06-23,"SELEÇÃO DE OFERTAS 2 - CENTRO Campanha","SELEÇÃO DE OFERTAS 2 - CENTRO Conjunto de anúncios","SELEÇÃO DE OFERTAS 2 - CENTRO","Casa & Cia Centro",not_delivering,ad,1440,2048,1.42222222,"Clique de 7 dias ou visualização de 1 dia","Conversas por mensagem iniciadas",3,40.13,13.37666667,2026-06-15,2026-06-30,19,19.59472656,2026-06-23,2026-06-23
2026-06-23,"SELEÇÃO DE OFERTAS 2 - PREMIUM Campanha","SELEÇÃO DE OFERTAS 2 - PREMIUM Conjunto de anúncios","SELEÇÃO DE OFERTAS 2 - PREMIUM","Casa e Cia",not_delivering,ad,1691,2347,1.38793613,"Clique de 7 dias ou visualização de 1 dia","Conversas por mensagem iniciadas",5,35.18,7.036,2026-06-15,2026-06-30,19,14.9893481,2026-06-23,2026-06-23
2026-06-23,"SELEÇÃO DE OFERTAS 1 - CENTRO Campanha","SELEÇÃO DE OFERTAS 1 - CENTRO Conjunto de anúncios","SELEÇÃO DE OFERTAS 1 - CENTRO","Casa & Cia Centro",not_delivering,ad,1929,2454,1.27216174,"Clique de 7 dias ou visualização de 1 dia","Conversas por mensagem iniciadas",10,40.56,4.056,2026-06-15,2026-06-30,31,16.52811736,2026-06-23,2026-06-23
2026-06-23,"SELEÇÃO DE OFERTAS 1 - PREMIUM Campanha","SELEÇÃO DE OFERTAS 1 - PREMIUM Conjunto de anúncios","SELEÇÃO DE OFERTAS 1 - PREMIUM","Casa e Cia",not_delivering,ad,2541,3233,1.27233373,"Clique de 7 dias ou visualização de 1 dia","Conversas por mensagem iniciadas",10,36.24,3.624,2026-06-15,2026-06-30,36,11.20940303,2026-06-23,2026-06-23
2026-06-22,"SELEÇÃO DE OFERTAS 2 - PREMIUM Campanha","SELEÇÃO DE OFERTAS 2 - PREMIUM Conjunto de anúncios","SELEÇÃO DE OFERTAS 2 - PREMIUM","Casa e Cia",not_delivering,ad,1941,2557,1.31736218,"Clique de 7 dias ou visualização de 1 dia","Conversas por mensagem iniciadas",5,33.57,6.714,2026-06-15,2026-06-30,26,13.12866641,2026-06-22,2026-06-22
2026-06-22,"SELEÇÃO DE OFERTAS 1 - PREMIUM Campanha","SELEÇÃO DE OFERTAS 1 - PREMIUM Conjunto de anúncios","SELEÇÃO DE OFERTAS 1 - PREMIUM","Casa e Cia",not_delivering,ad,2453,3056,1.24582144,"Clique de 7 dias ou visualização de 1 dia","Conversas por mensagem iniciadas",8,30.99,3.87375,2026-06-15,2026-06-30,33,10.14070681,2026-06-22,2026-06-22
2026-06-22,"SELEÇÃO DE OFERTAS 2 - CENTRO Campanha","SELEÇÃO DE OFERTAS 2 - CENTRO Conjunto de anúncios","SELEÇÃO DE OFERTAS 2 - CENTRO","Casa & Cia Centro",not_delivering,ad,1400,2197,1.56928571,"Clique de 7 dias ou visualização de 1 dia","Conversas por mensagem iniciadas",4,35.19,8.7975,2026-06-15,2026-06-30,18,16.01729631,2026-06-22,2026-06-22
2026-06-22,"SELEÇÃO DE OFERTAS 1 - CENTRO Campanha","SELEÇÃO DE OFERTAS 1 - CENTRO Conjunto de anúncios","SELEÇÃO DE OFERTAS 1 - CENTRO","Casa & Cia Centro",not_delivering,ad,1970,2410,1.22335025,"Clique de 7 dias ou visualização de 1 dia","Conversas por mensagem iniciadas",6,31.51,5.25166667,2026-06-15,2026-06-30,28,13.0746888,2026-06-22,2026-06-22
2026-06-21,"SELEÇÃO DE OFERTAS 2 - CENTRO Campanha","SELEÇÃO DE OFERTAS 2 - CENTRO Conjunto de anúncios","SELEÇÃO DE OFERTAS 2 - CENTRO","Casa & Cia Centro",not_delivering,ad,1384,1992,1.43930636,"Clique de 7 dias ou visualização de 1 dia",,,26.15,,2026-06-15,2026-06-30,11,13.12751004,2026-06-21,2026-06-21
2026-06-21,"SELEÇÃO DE OFERTAS 1 - CENTRO Campanha","SELEÇÃO DE OFERTAS 1 - CENTRO Conjunto de anúncios","SELEÇÃO DE OFERTAS 1 - CENTRO","Casa & Cia Centro",not_delivering,ad,1775,2183,1.22985915,"Clique de 7 dias ou visualização de 1 dia","Conversas por mensagem iniciadas",8,26.84,3.355,2026-06-15,2026-06-30,24,12.29500687,2026-06-21,2026-06-21
2026-06-21,"SELEÇÃO DE OFERTAS 1 - PREMIUM Campanha","SELEÇÃO DE OFERTAS 1 - PREMIUM Conjunto de anúncios","SELEÇÃO DE OFERTAS 1 - PREMIUM","Casa e Cia",not_delivering,ad,2447,3065,1.25255415,"Clique de 7 dias ou visualização de 1 dia","Conversas por mensagem iniciadas",2,26.67,13.335,2026-06-15,2026-06-30,29,8.70146819,2026-06-21,2026-06-21
2026-06-21,"SELEÇÃO DE OFERTAS 2 - PREMIUM Campanha","SELEÇÃO DE OFERTAS 2 - PREMIUM Conjunto de anúncios","SELEÇÃO DE OFERTAS 2 - PREMIUM","Casa e Cia",not_delivering,ad,1860,2439,1.31129032,"Clique de 7 dias ou visualização de 1 dia","Conversas por mensagem iniciadas",1,27.84,27.84,2026-06-15,2026-06-30,24,11.41451415,2026-06-21,2026-06-21
2026-06-20,"SELEÇÃO DE OFERTAS 2 - CENTRO Campanha","SELEÇÃO DE OFERTAS 2 - CENTRO Conjunto de anúncios","SELEÇÃO DE OFERTAS 2 - CENTRO","Casa & Cia Centro",not_delivering,ad,1522,2151,1.41327201,"Clique de 7 dias ou visualização de 1 dia","Conversas por mensagem iniciadas",4,30.24,7.56,2026-06-15,2026-06-30,18,14.05857741,2026-06-20,2026-06-20
2026-06-20,"SELEÇÃO DE OFERTAS 2 - PREMIUM Campanha","SELEÇÃO DE OFERTAS 2 - PREMIUM Conjunto de anúncios","SELEÇÃO DE OFERTAS 2 - PREMIUM","Casa e Cia",not_delivering,ad,2523,3132,1.24137931,"Clique de 7 dias ou visualização de 1 dia","Conversas por mensagem iniciadas",5,34.68,6.936,2026-06-15,2026-06-30,36,11.07279693,2026-06-20,2026-06-20
2026-06-20,"SELEÇÃO DE OFERTAS 1 - CENTRO Campanha","SELEÇÃO DE OFERTAS 1 - CENTRO Conjunto de anúncios","SELEÇÃO DE OFERTAS 1 - CENTRO","Casa & Cia Centro",not_delivering,ad,2402,2862,1.19150708,"Clique de 7 dias ou visualização de 1 dia","Conversas por mensagem iniciadas",4,33.71,8.4275,2026-06-15,2026-06-30,27,11.77847659,2026-06-20,2026-06-20
2026-06-20,"SELEÇÃO DE OFERTAS 1 - PREMIUM Campanha","SELEÇÃO DE OFERTAS 1 - PREMIUM Conjunto de anúncios","SELEÇÃO DE OFERTAS 1 - PREMIUM","Casa e Cia",not_delivering,ad,3304,3939,1.19219128,"Clique de 7 dias ou visualização de 1 dia","Conversas por mensagem iniciadas",6,33.39,5.565,2026-06-15,2026-06-30,40,8.47677075,2026-06-20,2026-06-20
2026-06-19,"SELEÇÃO DE OFERTAS 2 - CENTRO Campanha","SELEÇÃO DE OFERTAS 2 - CENTRO Conjunto de anúncios","SELEÇÃO DE OFERTAS 2 - CENTRO","Casa & Cia Centro",not_delivering,ad,1301,2001,1.53804766,"Clique de 7 dias ou visualização de 1 dia","Conversas por mensagem iniciadas",3,30.83,10.27666667,2026-06-15,2026-06-30,20,15.40729635,2026-06-19,2026-06-19
2026-06-19,"SELEÇÃO DE OFERTAS 2 - PREMIUM Campanha","SELEÇÃO DE OFERTAS 2 - PREMIUM Conjunto de anúncios","SELEÇÃO DE OFERTAS 2 - PREMIUM","Casa e Cia",not_delivering,ad,1307,1710,1.30833971,"Clique de 7 dias ou visualização de 1 dia","Conversas por mensagem iniciadas",4,22.58,5.645,2026-06-15,2026-06-30,17,13.20467836,2026-06-19,2026-06-19
2026-06-19,"SELEÇÃO DE OFERTAS 1 - CENTRO Campanha","SELEÇÃO DE OFERTAS 1 - CENTRO Conjunto de anúncios","SELEÇÃO DE OFERTAS 1 - CENTRO","Casa & Cia Centro",not_delivering,ad,1711,2177,1.27235535,"Clique de 7 dias ou visualização de 1 dia","Conversas por mensagem iniciadas",1,27.83,27.83,2026-06-15,2026-06-30,25,12.78364722,2026-06-19,2026-06-19
2026-06-19,"SELEÇÃO DE OFERTAS 1 - PREMIUM Campanha","SELEÇÃO DE OFERTAS 1 - PREMIUM Conjunto de anúncios","SELEÇÃO DE OFERTAS 1 - PREMIUM","Casa e Cia",not_delivering,ad,1779,2161,1.21472737,"Clique de 7 dias ou visualização de 1 dia","Conversas por mensagem iniciadas",5,21.12,4.224,2026-06-15,2026-06-30,18,9.77325312,2026-06-19,2026-06-19
2026-06-18,"SELEÇÃO DE OFERTAS 2 - CENTRO Campanha","SELEÇÃO DE OFERTAS 2 - CENTRO Conjunto de anúncios","SELEÇÃO DE OFERTAS 2 - CENTRO","Casa & Cia Centro",not_delivering,ad,925,1500,1.62162162,"Clique de 7 dias ou visualização de 1 dia","Conversas por mensagem iniciadas",4,25.84,6.46,2026-06-15,2026-06-30,13,17.22666667,2026-06-18,2026-06-18
2026-06-18,"SELEÇÃO DE OFERTAS 2 - PREMIUM Campanha","SELEÇÃO DE OFERTAS 2 - PREMIUM Conjunto de anúncios","SELEÇÃO DE OFERTAS 2 - PREMIUM","Casa e Cia",not_delivering,ad,1236,1637,1.32443366,"Clique de 7 dias ou visualização de 1 dia","Conversas por mensagem iniciadas",5,20.26,4.052,2026-06-15,2026-06-30,12,12.37629811,2026-06-18,2026-06-18
2026-06-18,"SELEÇÃO DE OFERTAS 1 - CENTRO Campanha","SELEÇÃO DE OFERTAS 1 - CENTRO Conjunto de anúncios","SELEÇÃO DE OFERTAS 1 - CENTRO","Casa & Cia Centro",not_delivering,ad,1036,1311,1.26544402,"Clique de 7 dias ou visualização de 1 dia","Conversas por mensagem iniciadas",2,22.47,11.235,2026-06-15,2026-06-30,12,17.1395881,2026-06-18,2026-06-18
2026-06-18,"SELEÇÃO DE OFERTAS 1 - PREMIUM Campanha","SELEÇÃO DE OFERTAS 1 - PREMIUM Conjunto de anúncios","SELEÇÃO DE OFERTAS 1 - PREMIUM","Casa e Cia",not_delivering,ad,1744,2106,1.20756881,"Clique de 7 dias ou visualização de 1 dia","Conversas por mensagem iniciadas",4,20.97,5.2425,2026-06-15,2026-06-30,21,9.95726496,2026-06-18,2026-06-18
2026-06-17,"SELEÇÃO DE OFERTAS 1 - CENTRO Campanha","SELEÇÃO DE OFERTAS 1 - CENTRO Conjunto de anúncios","SELEÇÃO DE OFERTAS 1 - CENTRO","Casa & Cia Centro",not_delivering,ad,1503,1947,1.29540918,"Clique de 7 dias ou visualização de 1 dia","Conversas por mensagem iniciadas",7,32.32,4.61714286,2026-06-15,2026-06-30,17,16.59989728,2026-06-17,2026-06-17
2026-06-17,"SELEÇÃO DE OFERTAS 1 - PREMIUM Campanha","SELEÇÃO DE OFERTAS 1 - PREMIUM Conjunto de anúncios","SELEÇÃO DE OFERTAS 1 - PREMIUM","Casa e Cia",not_delivering,ad,2944,3836,1.30298913,"Clique de 7 dias ou visualização de 1 dia","Conversas por mensagem iniciadas",10,34.38,3.438,2026-06-15,2026-06-30,51,8.9624609,2026-06-17,2026-06-17
2026-06-17,"SELEÇÃO DE OFERTAS 2 - PREMIUM Campanha","SELEÇÃO DE OFERTAS 2 - PREMIUM Conjunto de anúncios","SELEÇÃO DE OFERTAS 2 - PREMIUM","Casa e Cia",not_delivering,ad,2380,3056,1.28403361,"Clique de 7 dias ou visualização de 1 dia","Conversas por mensagem iniciadas",5,34.21,6.842,2026-06-15,2026-06-30,30,11.19437173,2026-06-17,2026-06-17
2026-06-17,"SELEÇÃO DE OFERTAS 2 - CENTRO Campanha","SELEÇÃO DE OFERTAS 2 - CENTRO Conjunto de anúncios","SELEÇÃO DE OFERTAS 2 - CENTRO","Casa & Cia Centro",not_delivering,ad,1351,2208,1.63434493,"Clique de 7 dias ou visualização de 1 dia","Conversas por mensagem iniciadas",3,31.08,10.36,2026-06-15,2026-06-30,16,14.07608696,2026-06-17,2026-06-17
2026-06-16,"SELEÇÃO DE OFERTAS 2 - CENTRO Campanha","SELEÇÃO DE OFERTAS 2 - CENTRO Conjunto de anúncios","SELEÇÃO DE OFERTAS 2 - CENTRO","Casa & Cia Centro",not_delivering,ad,1693,2516,1.48611931,"Clique de 7 dias ou visualização de 1 dia","Conversas por mensagem iniciadas",1,37.83,37.83,2026-06-15,2026-06-30,17,15.03577107,2026-06-16,2026-06-16
2026-06-16,"SELEÇÃO DE OFERTAS 2 - PREMIUM Campanha","SELEÇÃO DE OFERTAS 2 - PREMIUM Conjunto de anúncios","SELEÇÃO DE OFERTAS 2 - PREMIUM","Casa e Cia",not_delivering,ad,2546,3472,1.36370778,"Clique de 7 dias ou visualização de 1 dia","Conversas por mensagem iniciadas",11,37.84,3.44,2026-06-15,2026-06-30,50,10.89861751,2026-06-16,2026-06-16
2026-06-16,"SELEÇÃO DE OFERTAS 1 - CENTRO Campanha","SELEÇÃO DE OFERTAS 1 - CENTRO Conjunto de anúncios","SELEÇÃO DE OFERTAS 1 - CENTRO","Casa & Cia Centro",not_delivering,ad,1420,2021,1.42323944,"Clique de 7 dias ou visualização de 1 dia","Conversas por mensagem iniciadas",7,34.39,4.91285714,2026-06-15,2026-06-30,15,17.01632855,2026-06-16,2026-06-16
2026-06-16,"SELEÇÃO DE OFERTAS 1 - PREMIUM Campanha","SELEÇÃO DE OFERTAS 1 - PREMIUM Conjunto de anúncios","SELEÇÃO DE OFERTAS 1 - PREMIUM","Casa e Cia",not_delivering,ad,2521,3365,1.33478778,"Clique de 7 dias ou visualização de 1 dia","Conversas por mensagem iniciadas",9,37.57,4.17444444,2026-06-15,2026-06-30,34,11.16493314,2026-06-16,2026-06-16
2026-06-15,"SELEÇÃO DE OFERTAS 1 - CENTRO Campanha","SELEÇÃO DE OFERTAS 1 - CENTRO Conjunto de anúncios","SELEÇÃO DE OFERTAS 1 - CENTRO","Casa & Cia Centro",not_delivering,ad,643,760,1.18195956,"Clique de 7 dias ou visualização de 1 dia","Conversas por mensagem iniciadas",3,6.8,2.26666667,2026-06-15,2026-06-30,7,8.94736842,2026-06-15,2026-06-15
2026-06-15,"SELEÇÃO DE OFERTAS 1 - PREMIUM Campanha","SELEÇÃO DE OFERTAS 1 - PREMIUM Conjunto de anúncios","SELEÇÃO DE OFERTAS 1 - PREMIUM","Casa e Cia",not_delivering,ad,926,1105,1.19330454,"Clique de 7 dias ou visualização de 1 dia","Conversas por mensagem iniciadas",1,9.76,9.76,2026-06-15,2026-06-30,14,8.83257919,2026-06-15,2026-06-15
2026-06-15,"SELEÇÃO DE OFERTAS 2 - PREMIUM Campanha","SELEÇÃO DE OFERTAS 2 - PREMIUM Conjunto de anúncios","SELEÇÃO DE OFERTAS 2 - PREMIUM","Casa e Cia",not_delivering,ad,567,673,1.18694885,"Clique de 7 dias ou visualização de 1 dia","Conversas por mensagem iniciadas",2,7.83,3.915,2026-06-15,2026-06-30,8,11.63447251,2026-06-15,2026-06-15
2026-06-15,"SELEÇÃO DE OFERTAS 2 - CENTRO Campanha","SELEÇÃO DE OFERTAS 2 - CENTRO Conjunto de anúncios","SELEÇÃO DE OFERTAS 2 - CENTRO","Casa & Cia Centro",not_delivering,ad,47,54,1.14893617,"Clique de 7 dias ou visualização de 1 dia","Conversas por mensagem iniciadas",2,0.97,0.485,2026-06-15,2026-06-30,3,17.96296296,2026-06-15,2026-06-15
2026-06-04,"PM | ABO | ENGAJ | ESCALA VALIDA | 22.05 | N°711",LUXO,"ADS 00","Casa & Cia Centro",not_delivering,ad,0,0,0,"Clique de 7 dias ou visualização de 1 dia","Conversas por mensagem iniciadas",1,0,0,2026-05-22,Contínuo,,,2026-06-04,2026-06-04
2026-06-03,"PM | ABO | ENGAJ - TEST.PUB | 19.05","FRIO — Cópia","ADS 00","Casa & Cia Centro",not_delivering,ad,0,0,0,"Clique de 7 dias ou visualização de 1 dia","Conversas por mensagem iniciadas",1,0,0,2026-05-19,Contínuo,,,2026-06-03,2026-06-03
2026-06-02,"PM | ABO | ENGAJ | ESCALA VALIDA | 22.05 | N°711",LUXO,"ADS 00","Casa & Cia Centro",not_delivering,ad,1714,1999,1.16627771,"Clique de 7 dias ou visualização de 1 dia","Conversas por mensagem iniciadas",5,17.28,3.456,2026-05-22,Contínuo,13,8.64432216,2026-06-02,2026-06-02
2026-06-02,"PM | ABO | ENGAJ - TEST.PUB | 19.05","ACESSORIOS QUARTO -","ADS 00","Casa & Cia Centro",not_delivering,ad,3186,4263,1.33804143,"Clique de 7 dias ou visualização de 1 dia","Conversas por mensagem iniciadas",3,30.5,10.16666667,2026-05-19,Contínuo,27,7.15458597,2026-06-02,2026-06-02
2026-06-02,"PM | ABO | ENGAJ | ESCALA VALIDA | 22.05 | N°111","ACESSORIOS QUARTO","ADS 00","Casa & Cia Centro",not_delivering,ad,1086,1226,1.12891344,"Clique de 7 dias ou visualização de 1 dia","Conversas por mensagem iniciadas",4,12.93,3.2325,2026-05-22,Contínuo,10,10.54649266,2026-06-02,2026-06-02
2026-06-02,"PM | ABO | ENGAJ | ESCALA VALIDA | 22.05 | N°711","ACESSORIOS QUARTO","ADS 00","Casa & Cia Centro",not_delivering,ad,1073,1276,1.18918919,"Clique de 7 dias ou visualização de 1 dia","Conversas por mensagem iniciadas",2,14.5,7.25,2026-05-22,Contínuo,13,11.36363636,2026-06-02,2026-06-02
2026-06-02,"PM | ABO | ENGAJ | ESCALA VALIDA | 22.05 | N°711","ACESSORIOS QUARTO","ADS 00","Casa & Cia Centro",not_delivering,ad,1202,1370,1.13976705,"Clique de 7 dias ou visualização de 1 dia","Conversas por mensagem iniciadas",2,14.49,7.245,2026-05-22,Contínuo,4,10.57664234,2026-06-02,2026-06-02
2026-06-02,"PM | ABO | ENGAJ | ESCALA VALIDA | 22.05 | N°711",LUXO,"ADS 00","Casa & Cia Centro",not_delivering,ad,1608,1925,1.1971393,"Clique de 7 dias ou visualização de 1 dia","Conversas por mensagem iniciadas",4,18.27,4.5675,2026-05-22,Contínuo,11,9.49090909,2026-06-02,2026-06-02
2026-06-02,"PM | ABO | ENGAJ | ESCALA VALIDA | 22.05 | N°711",LUXO,"ADS 00","Casa & Cia Centro",not_delivering,ad,1628,1827,1.12223587,"Clique de 7 dias ou visualização de 1 dia","Conversas por mensagem iniciadas",6,17.64,2.94,2026-05-22,Contínuo,14,9.65517241,2026-06-02,2026-06-02
2026-06-02,"PM | ABO | ENGAJ | ESCALA VALIDA | 22.05 | N°711",LUXO,"ADS 00","Casa & Cia Centro",not_delivering,ad,1746,1917,1.09793814,"Clique de 7 dias ou visualização de 1 dia","Conversas por mensagem iniciadas",6,17.57,2.92833333,2026-05-22,Contínuo,18,9.16536255,2026-06-02,2026-06-02
2026-06-02,"PM | ABO | TRAFEGO | 16.04","ABERTO - CXS","ADS 002","Casa & Cia Centro",not_delivering,ad,1408,1528,1.08522727,"Clique de 1 dia","Visitas ao perfil do Instagram",18,8.25,0.45833333,2026-04-16,Contínuo,18,5.39921466,2026-06-02,2026-06-02
2026-06-02,"PM | ABO | ENGAJ | TEST.PUB | 19.05","LUXO — Cópia","ADS 00","Casa & Cia Centro",not_delivering,ad,1801,2064,1.14602998,"Clique de 7 dias ou visualização de 1 dia","Conversas por mensagem iniciadas",6,18.82,3.13666667,2026-05-19,Contínuo,12,9.11821705,2026-06-02,2026-06-02
2026-06-02,"PM | ABO | ENGAJ | ESCALA VALIDA | 22.05 | N°711","ACESSORIOS QUARTO","ADS 00","Casa & Cia Centro",not_delivering,ad,1049,1240,1.18207817,"Clique de 7 dias ou visualização de 1 dia","Conversas por mensagem iniciadas",4,13.18,3.295,2026-05-22,Contínuo,11,10.62903226,2026-06-02,2026-06-02
2026-06-02,"PM | ABO | ENGAJ - TEST.PUB | 19.05","FRIO — Cópia","ADS 00","Casa & Cia Centro",not_delivering,ad,1275,1740,1.36470588,"Clique de 7 dias ou visualização de 1 dia","Conversas por mensagem iniciadas",4,17.04,4.26,2026-05-19,Contínuo,11,9.79310345,2026-06-02,2026-06-02
2026-06-02,"PM | ABO | ENGAJ | ESCALA VALIDA | 22.05 | N°111","ACESSORIOS QUARTO","ADS 00","Casa & Cia Centro",not_delivering,ad,1100,1227,1.11545455,"Clique de 7 dias ou visualização de 1 dia","Conversas por mensagem iniciadas",4,13.59,3.3975,2026-05-22,Contínuo,8,11.07579462,2026-06-02,2026-06-02
2026-06-02,"PM | ABO | ENGAJ | ESCALA VALIDA | 22.05 | N°711",LUXO,"ADS 00","Casa & Cia Centro",not_delivering,ad,1875,2098,1.11893333,"Clique de 7 dias ou visualização de 1 dia","Conversas por mensagem iniciadas",1,17.74,17.74,2026-05-22,Contínuo,12,8.45567207,2026-06-02,2026-06-02
2026-06-02,"PM | ABO | ENGAJ | TEST.PUB | 19.05","ALTO PADRÃO — Cópia","ADS 00","Casa & Cia Centro",not_delivering,ad,2310,2709,1.17272727,"Clique de 7 dias ou visualização de 1 dia","Conversas por mensagem iniciadas",2,22.06,11.03,2026-05-19,Contínuo,21,8.14322628,2026-06-02,2026-06-02
2026-06-02,"PM | ABO | ENGAJ | ESCALA VALIDA | 22.05 | N°111","ACESSORIOS QUARTO","ADS 00","Casa & Cia Centro",not_delivering,ad,1079,1246,1.15477294,"Clique de 7 dias ou visualização de 1 dia","Conversas por mensagem iniciadas",2,13.21,6.605,2026-05-22,Contínuo,8,10.60192616,2026-06-02,2026-06-02
2026-06-02,"PM | ABO | ENGAJ | ESCALA VALIDA | 22.05 | N°711",LUXO,"ADS 00","Casa & Cia Centro",not_delivering,ad,1630,1828,1.12147239,"Clique de 7 dias ou visualização de 1 dia","Conversas por mensagem iniciadas",8,17.62,2.2025,2026-05-22,Contínuo,19,9.63894967,2026-06-02,2026-06-02
2026-06-02,"PM | ABO | ENGAJ | ESCALA VALIDA | 22.05 | N°711",LUXO,"ADS 00","Casa & Cia Centro",not_delivering,ad,1835,2051,1.11771117,"Clique de 7 dias ou visualização de 1 dia","Conversas por mensagem iniciadas",5,17.46,3.492,2026-05-22,Contínuo,15,8.51292053,2026-06-02,2026-06-02
2026-06-01,"PM | ABO | ENGAJ | ESCALA VALIDA | 22.05 | N°711","ACESSORIOS QUARTO","ADS 00","Casa & Cia Centro",not_delivering,ad,942,1039,1.1029724,"Clique de 7 dias ou visualização de 1 dia",,,8.19,,2026-05-22,Contínuo,3,7.8825794,2026-06-01,2026-06-01
2026-06-01,"PM | ABO | ENGAJ | ESCALA VALIDA | 22.05 | N°111","ACESSORIOS QUARTO","ADS 00","Casa & Cia Centro",not_delivering,ad,915,999,1.09180328,"Clique de 7 dias ou visualização de 1 dia","Conversas por mensagem iniciadas",2,7.68,3.84,2026-05-22,Contínuo,12,7.68768769,2026-06-01,2026-06-01
2026-06-01,"PM | ABO | ENGAJ | ESCALA VALIDA | 22.05 | N°711","ACESSORIOS QUARTO","ADS 00","Casa & Cia Centro",not_delivering,ad,1005,1078,1.07263682,"Clique de 7 dias ou visualização de 1 dia","Conversas por mensagem iniciadas",1,8.58,8.58,2026-05-22,Contínuo,7,7.95918367,2026-06-01,2026-06-01
2026-06-01,"PM | ABO | ENGAJ | ESCALA VALIDA | 22.05 | N°711",LUXO,"ADS 00","Casa & Cia Centro",not_delivering,ad,1136,1194,1.05105634,"Clique de 7 dias ou visualização de 1 dia","Conversas por mensagem iniciadas",5,7.15,1.43,2026-05-22,Contínuo,13,5.98827471,2026-06-01,2026-06-01
2026-06-01,"PM | ABO | ENGAJ | ESCALA VALIDA | 22.05 | N°711",LUXO,"ADS 00","Casa & Cia Centro",not_delivering,ad,1046,1113,1.06405354,"Clique de 7 dias ou visualização de 1 dia","Conversas por mensagem iniciadas",1,7.03,7.03,2026-05-22,Contínuo,5,6.31626235,2026-06-01,2026-06-01
2026-06-01,"PM | ABO | ENGAJ | ESCALA VALIDA | 22.05 | N°711",LUXO,"ADS 00","Casa & Cia Centro",not_delivering,ad,898,948,1.05567929,"Clique de 7 dias ou visualização de 1 dia","Conversas por mensagem iniciadas",2,6.58,3.29,2026-05-22,Contínuo,3,6.94092827,2026-06-01,2026-06-01
2026-06-01,"PM | ABO | TRAFEGO | 16.04","ABERTO - CXS","ADS 002","Casa & Cia Centro",not_delivering,ad,1491,1536,1.03018109,"Clique de 1 dia","Visitas ao perfil do Instagram",16,8.25,0.515625,2026-04-16,Contínuo,17,5.37109375,2026-06-01,2026-06-01
2026-06-01,"PM | ABO | ENGAJ | ESCALA VALIDA | 22.05 | N°711","ACESSORIOS QUARTO","ADS 00","Casa & Cia Centro",not_delivering,ad,1043,1129,1.08245446,"Clique de 7 dias ou visualização de 1 dia","Conversas por mensagem iniciadas",2,9.76,4.88,2026-05-22,Contínuo,7,8.64481842,2026-06-01,2026-06-01
2026-06-01,"PM | ABO | ENGAJ - TEST.PUB | 19.05","ACESSORIOS QUARTO -","ADS 00","Casa & Cia Centro",not_delivering,ad,1617,1762,1.08967223,"Clique de 7 dias ou visualização de 1 dia","Conversas por mensagem iniciadas",2,9.29,4.645,2026-05-19,Contínuo,12,5.27241771,2026-06-01,2026-06-01
2026-06-01,"PM | ABO | ENGAJ - TEST.PUB | 19.05","FRIO — Cópia","ADS 00","Casa & Cia Centro",not_delivering,ad,835,889,1.06467066,"Clique de 7 dias ou visualização de 1 dia",,,6.97,,2026-05-19,Contínuo,5,7.84026997,2026-06-01,2026-06-01
2026-06-01,"PM | ABO | ENGAJ | ESCALA VALIDA | 22.05 | N°111","ACESSORIOS QUARTO","ADS 00","Casa & Cia Centro",not_delivering,ad,909,997,1.09680968,"Clique de 7 dias ou visualização de 1 dia","Conversas por mensagem iniciadas",1,8.23,8.23,2026-05-22,Contínuo,3,8.25476429,2026-06-01,2026-06-01
2026-06-01,"PM | ABO | ENGAJ | ESCALA VALIDA | 22.05 | N°711",LUXO,"ADS 00","Casa & Cia Centro",not_delivering,ad,900,959,1.06555556,"Clique de 7 dias ou visualização de 1 dia",,,6.29,,2026-05-22,Contínuo,4,6.55891554,2026-06-01,2026-06-01
2026-06-01,"PM | ABO | ENGAJ | TEST.PUB | 19.05","ALTO PADRÃO — Cópia","ADS 00","Casa & Cia Centro",not_delivering,ad,1328,1373,1.03388554,"Clique de 7 dias ou visualização de 1 dia","Conversas por mensagem iniciadas",1,8.4,8.4,2026-05-19,Contínuo,6,6.1179898,2026-06-01,2026-06-01
2026-06-01,"PM | ABO | ENGAJ | ESCALA VALIDA | 22.05 | N°111","ACESSORIOS QUARTO","ADS 00","Casa & Cia Centro",not_delivering,ad,921,1019,1.10640608,"Clique de 7 dias ou visualização de 1 dia",,,8.69,,2026-05-22,Contínuo,6,8.5279686,2026-06-01,2026-06-01
2026-06-01,"PM | ABO | ENGAJ | TEST.PUB | 19.05","LUXO — Cópia","ADS 00","Casa & Cia Centro",not_delivering,ad,884,952,1.07692308,"Clique de 7 dias ou visualização de 1 dia","Conversas por mensagem iniciadas",1,7.28,7.28,2026-05-19,Contínuo,2,7.64705882,2026-06-01,2026-06-01
2026-06-01,"PM | ABO | ENGAJ | ESCALA VALIDA | 22.05 | N°711",LUXO,"ADS 00","Casa & Cia Centro",not_delivering,ad,867,926,1.06805075,"Clique de 7 dias ou visualização de 1 dia","Conversas por mensagem iniciadas",1,6.52,6.52,2026-05-22,Contínuo,10,7.04103672,2026-06-01,2026-06-01
2026-06-01,"PM | ABO | ENGAJ | ESCALA VALIDA | 22.05 | N°711",LUXO,"ADS 00","Casa & Cia Centro",not_delivering,ad,909,961,1.05720572,"Clique de 7 dias ou visualização de 1 dia","Conversas por mensagem iniciadas",1,6.33,6.33,2026-05-22,Contínuo,7,6.58688866,2026-06-01,2026-06-01
2026-06-01,"PM | ABO | ENGAJ | ESCALA VALIDA | 22.05 | N°711",LUXO,"ADS 00","Casa & Cia Centro",not_delivering,ad,863,904,1.04750869,"Clique de 7 dias ou visualização de 1 dia",,,5.88,,2026-05-22,Contínuo,3,6.50442478,2026-06-01,2026-06-01
