Dia,"Nome da campanha","Nome do conjunto de anúncios","Nome do anúncio","Status de veiculação","Nível de veiculação","Configuração de atribuição","Tipo de resultado",Resultados,Alcance,Frequência,"Custo por resultado","Valor usado (BRL)","Classificação de qualidade","Classificação da taxa de engajamento","Classificação da taxa de conversão",Impressões,"CPM (custo por 1.000 impressões)","Cliques no link","CPC (custo por clique no link)","CTR (taxa de cliques no link)","Cliques (todos)","CTR (todos)","CPC (todos)","Visualizações da página de destino do site","Início dos relatórios","Encerramento dos relatórios"
2026-01-01,"v4 | Tráfego | Acessos ao perfil","00 | Semelhante (BR, 1%) - Todos envolvidos IG | 30D","ad4 | Seu embarque vip começa aqui",not_delivering,ad,"Clique de 1 dia","Visitas ao perfil do Instagram",16,2044,1.08023483,0.15625,2.5,–,–,–,2208,1.13224638,18,0.13888889,0.81521739,18,0.81521739,0.13888889,,2026-01-01,2026-01-01
2026-01-01,"v4 | Tráfego | Acessos ao perfil","00 | Semelhante (BR, 1%) - Todos envolvidos IG | 30D","ad5 | Do Brasil Ao Chile",inactive,ad,"Clique de 1 dia","Visitas ao perfil do Instagram",239,16217,1.10008016,0.15376569,36.75,–,–,–,17840,2.05997758,252,0.14583333,1.41255605,242,1.35650224,0.1518595,,2026-01-01,2026-01-01
2026-01-02,"v4 | Tráfego | Acessos ao perfil","00 | Semelhante (BR, 1%) - Todos envolvidos IG | 30D","ad4 | Seu embarque vip começa aqui",not_delivering,ad,"Clique de 1 dia","Visitas ao perfil do Instagram",2,512,1.02929688,0.29,0.58,–,–,–,527,1.10056926,2,0.29,0.37950664,2,0.37950664,0.29,,2026-01-02,2026-01-02
2026-01-02,"v4 | Tráfego | Acessos ao perfil","00 | Semelhante (BR, 1%) - Todos envolvidos IG | 30D","ad5 | Do Brasil Ao Chile",inactive,ad,"Clique de 1 dia","Visitas ao perfil do Instagram",216,17802,1.0950455,0.1812963,39.16,–,–,–,19494,2.00882323,225,0.17404444,1.15420129,222,1.13881194,0.1763964,,2026-01-02,2026-01-02
2026-01-03,"v4 | Tráfego | Acessos ao perfil","00 | Semelhante (BR, 1%) - Todos envolvidos IG | 30D","ad4 | Seu embarque vip começa aqui",not_delivering,ad,"Clique de 1 dia",,,77,1.01298701,,0.09,–,–,–,78,1.15384615,,,,0,0,,,2026-01-03,2026-01-03
2026-01-03,"v4 | Tráfego | Acessos ao perfil","00 | Semelhante (BR, 1%) - Todos envolvidos IG | 30D","ad5 | Do Brasil Ao Chile",inactive,ad,"Clique de 1 dia","Visitas ao perfil do Instagram",236,16599,1.12042894,0.16872881,39.82,–,–,–,18598,2.14109044,245,0.16253061,1.31734595,238,1.2797075,0.16731092,,2026-01-03,2026-01-03
2026-01-04,"v4 | Tráfego | Acessos ao perfil","00 | Semelhante (BR, 1%) - Todos envolvidos IG | 30D","ad4 | Seu embarque vip começa aqui",not_delivering,ad,"Clique de 1 dia",,,224,1.03571429,,0.35,–,–,–,232,1.50862069,,,,0,0,,,2026-01-04,2026-01-04
2026-01-04,"v4 | Tráfego | Acessos ao perfil","00 | Semelhante (BR, 1%) - Todos envolvidos IG | 30D","ad5 | Do Brasil Ao Chile",inactive,ad,"Clique de 1 dia","Visitas ao perfil do Instagram",250,18676,1.07523024,0.1684,42.1,–,–,–,20081,2.09650914,264,0.1594697,1.31467556,254,1.26487725,0.16574803,,2026-01-04,2026-01-04
2026-01-05,"v4 | Tráfego | Acessos ao perfil","00 | Semelhante (BR, 1%) - Todos envolvidos IG | 30D","ad4 | Seu embarque vip começa aqui",not_delivering,ad,"Clique de 1 dia",,,51,1.03921569,,0.06,–,–,–,53,1.13207547,,,,0,0,,,2026-01-05,2026-01-05
2026-01-05,"v4 | Tráfego | Acessos ao perfil","00 | Semelhante (BR, 1%) - Todos envolvidos IG | 30D","ad5 | Do Brasil Ao Chile",inactive,ad,"Clique de 1 dia","Visitas ao perfil do Instagram",215,15984,1.06894394,0.18218605,39.17,–,–,–,17086,2.29252019,223,0.17565022,1.30516212,217,1.27004565,0.18050691,,2026-01-05,2026-01-05
2026-01-06,"v4 | Tráfego | Acessos ao perfil","00 | Semelhante (BR, 1%) - Todos envolvidos IG | 30D","ad5 | Do Brasil Ao Chile",inactive,ad,"Clique de 1 dia","Visitas ao perfil do Instagram",51,4087,1.06850991,0.22411765,11.43,–,–,–,4367,2.61735745,52,0.21980769,1.1907488,51,1.16784978,0.22411765,,2026-01-06,2026-01-06
2026-01-13,"v4 | Tráfego | Acessos ao perfil","00 | Semelhante (BR, 1%) - Todos envolvidos IG | 30D","ad4 | Seu embarque vip começa aqui",not_delivering,ad,"Clique de 1 dia","Visitas ao perfil do Instagram",9,398,1,0.23111111,2.08,–,–,–,398,5.22613065,9,0.23111111,2.26130653,9,2.26130653,0.23111111,,2026-01-13,2026-01-13
2026-01-13,"v4 | Tráfego | Acessos ao perfil","00 | Semelhante (BR, 1%) - Todos envolvidos IG | 30D","ad5 | Do Brasil Ao Chile",inactive,ad,"Clique de 1 dia","Visitas ao perfil do Instagram",226,16300,1.05226994,0.22716814,51.34,–,–,–,17152,2.99323694,235,0.21846809,1.37010261,228,1.32929104,0.22517544,,2026-01-13,2026-01-13
2026-01-14,"v4 | Tráfego | Acessos ao perfil","00 | Semelhante (BR, 1%) - Todos envolvidos IG | 30D","ad4 | Seu embarque vip começa aqui",not_delivering,ad,"Clique de 1 dia","Visitas ao perfil do Instagram",48,3684,1.09011944,0.27791667,13.34,–,–,–,4016,3.32171315,49,0.2722449,1.22011952,44,1.09561753,0.30318182,,2026-01-14,2026-01-14
2026-01-14,"v4 | Tráfego | Acessos ao perfil","00 | Semelhante (BR, 1%) - Todos envolvidos IG | 30D","ad5 | Do Brasil Ao Chile",inactive,ad,"Clique de 1 dia","Visitas ao perfil do Instagram",3,240,1.01666667,0.26333333,0.79,–,–,–,244,3.23770492,3,0.26333333,1.2295082,3,1.2295082,0.26333333,,2026-01-14,2026-01-14
2026-01-14,"v4 | Tráfego | Acessos ao perfil","00 | Semelhante (BR, 1%) - Todos envolvidos IG | 30D","ad6 | msg aeromédico",inactive,ad,"Clique de 1 dia","Visitas ao perfil do Instagram",296,9374,1.08790271,0.17391892,51.48,–,–,–,10198,5.04804864,307,0.1676873,3.01039419,299,2.93194744,0.17217391,,2026-01-14,2026-01-14
2026-01-15,"v4 | Tráfego | Acessos ao perfil","00 | Semelhante (BR, 1%) - Todos envolvidos IG | 30D","ad6 | msg aeromédico",inactive,ad,"Clique de 1 dia","Visitas ao perfil do Instagram",409,7485,1.16366065,0.1394621,57.04,–,–,–,8710,6.54879449,435,0.13112644,4.99425947,414,4.75315729,0.13777778,,2026-01-15,2026-01-15
2026-01-16,"v4 | Tráfego | Acessos ao perfil","00 | Semelhante (BR, 1%) - Todos envolvidos IG | 30D","ad6 | msg aeromédico",inactive,ad,"Clique de 1 dia","Visitas ao perfil do Instagram",359,7481,1.10907633,0.14754875,52.97,–,–,–,8297,6.38423527,385,0.13758442,4.64023141,361,4.35097023,0.1467313,,2026-01-16,2026-01-16
2026-01-17,"v4 | Tráfego | Acessos ao perfil","00 | Semelhante (BR, 1%) - Todos envolvidos IG | 30D","ad4 | Seu embarque vip começa aqui",not_delivering,ad,"Clique de 1 dia",,,3,1,,0.02,–,–,–,3,6.66666667,,,,0,0,,,2026-01-17,2026-01-17
2026-01-17,"v4 | Tráfego | Acessos ao perfil","00 | Semelhante (BR, 1%) - Todos envolvidos IG | 30D","ad6 | msg aeromédico",inactive,ad,"Clique de 1 dia","Visitas ao perfil do Instagram",370,7199,1.08445617,0.13727027,50.79,–,–,–,7807,6.50570001,388,0.13090206,4.96989881,369,4.72652748,0.13764228,,2026-01-17,2026-01-17
2026-01-18,"v4 | Tráfego | Acessos ao perfil","00 | Semelhante (BR, 1%) - Todos envolvidos IG | 30D","ad6 | msg aeromédico",inactive,ad,"Clique de 1 dia","Visitas ao perfil do Instagram",285,6347,1.12793446,0.15070175,42.95,–,–,–,7159,5.99944126,291,0.1475945,4.06481352,284,3.9670345,0.15123239,,2026-01-18,2026-01-18
2026-01-19,"v4 | Tráfego | Acessos ao perfil","00 | Semelhante (BR, 1%) - Todos envolvidos IG | 30D","ad4 | Seu embarque vip começa aqui",not_delivering,ad,"Clique de 1 dia",,,1,1,,0,–,–,–,1,0,,,,0,0,,,2026-01-19,2026-01-19
2026-01-19,"v4 | Tráfego | Acessos ao perfil","00 | Semelhante (BR, 1%) - Todos envolvidos IG | 30D","ad6 | msg aeromédico",inactive,ad,"Clique de 1 dia","Visitas ao perfil do Instagram",301,5952,1.08719758,0.13269103,39.94,–,–,–,6471,6.17215268,322,0.12403727,4.97604698,303,4.6824293,0.13181518,,2026-01-19,2026-01-19
2026-01-20,"v4 | Tráfego | Acessos ao perfil","00 | Semelhante (BR, 1%) - Todos envolvidos IG | 30D","ad6 | msg aeromédico",inactive,ad,"Clique de 1 dia","Visitas ao perfil do Instagram",267,5928,1.05330634,0.14857678,39.67,–,–,–,6244,6.35329917,282,0.14067376,4.51633568,270,4.32415119,0.14692593,,2026-01-20,2026-01-20
2026-01-21,"v4 | Tráfego | Acessos ao perfil","00 | Semelhante (BR, 1%) - Todos envolvidos IG | 30D","ad6 | msg aeromédico",inactive,ad,"Clique de 1 dia","Visitas ao perfil do Instagram",296,5391,1.10313485,0.13108108,38.8,–,–,–,5947,6.52429797,314,0.12356688,5.2799731,299,5.02774508,0.12976589,,2026-01-21,2026-01-21
2026-01-22,"v4 | Tráfego | Acessos ao perfil","00 | Semelhante (BR, 1%) - Todos envolvidos IG | 30D","ad6 | msg aeromédico",inactive,ad,"Clique de 1 dia","Visitas ao perfil do Instagram",311,6455,1.02618125,0.12993569,40.41,–,–,–,6624,6.10054348,325,0.12433846,4.90640097,313,4.72524155,0.12910543,,2026-01-22,2026-01-22
2026-01-23,"v4 | Tráfego | Acessos ao perfil","00 | Semelhante (BR, 1%) - Todos envolvidos IG | 30D","ad6 | msg aeromédico",inactive,ad,"Clique de 1 dia","Visitas ao perfil do Instagram",289,5333,1.07969248,0.13435986,38.83,–,–,–,5758,6.74366099,302,0.12857616,5.24487669,290,5.036471,0.13389655,,2026-01-23,2026-01-23
2026-01-24,"v4 | Tráfego | Acessos ao perfil","00 | Semelhante (BR, 1%) - Todos envolvidos IG | 30D","ad6 | msg aeromédico",inactive,ad,"Clique de 1 dia","Visitas ao perfil do Instagram",297,5294,1.08764639,0.13242424,39.33,–,–,–,5758,6.8304967,311,0.12646302,5.40118097,294,5.10593956,0.13377551,,2026-01-24,2026-01-24
2026-01-25,"v4 | Tráfego | Acessos ao perfil","00 | Semelhante (BR, 1%) - Todos envolvidos IG | 30D","ad6 | msg aeromédico",inactive,ad,"Clique de 1 dia","Visitas ao perfil do Instagram",372,6220,1.09003215,0.1152957,42.89,–,–,–,6780,6.3259587,388,0.11054124,5.72271386,365,5.38348083,0.11750685,,2026-01-25,2026-01-25
2026-01-26,"v4 | Tráfego | Acessos ao perfil","00 | Semelhante (BR, 1%) - Todos envolvidos IG | 30D","ad6 | msg aeromédico",inactive,ad,"Clique de 1 dia","Visitas ao perfil do Instagram",266,5909,1.06769335,0.14830827,39.45,–,–,–,6309,6.25297194,315,0.1252381,4.99286733,301,4.77096212,0.13106312,,2026-01-26,2026-01-26
2026-01-27,"v4 | Tráfego | Acessos ao perfil","00 | Semelhante (BR, 1%) - Todos envolvidos IG | 30D","ad6 | msg aeromédico",inactive,ad,"Clique de 1 dia","Visitas ao perfil do Instagram",287,5255,1.08601332,0.13763066,39.5,–,–,–,5707,6.92132469,303,0.13036304,5.30926932,292,5.11652357,0.13527397,,2026-01-27,2026-01-27
2026-01-28,"v4 | Tráfego | Acessos ao perfil","00 | Semelhante (BR, 1%) - Todos envolvidos IG | 30D","ad6 | msg aeromédico",inactive,ad,"Clique de 1 dia","Visitas ao perfil do Instagram",268,5679,1.06022187,0.14421642,38.65,–,–,–,6021,6.41919947,282,0.13705674,4.68360737,267,4.43447932,0.14475655,,2026-01-28,2026-01-28
2026-01-29,"v4 | Tráfego | Acessos ao perfil","00 | Semelhante (BR, 1%) - Todos envolvidos IG | 30D","ad6 | msg aeromédico",inactive,ad,"Clique de 1 dia","Visitas ao perfil do Instagram",292,5277,1.07257912,0.13489726,39.39,–,–,–,5660,6.95936396,306,0.12872549,5.40636042,288,5.08833922,0.13677083,,2026-01-29,2026-01-29
2026-01-30,"v4 | Tráfego | Acessos ao perfil","00 | Semelhante (BR, 1%) - Todos envolvidos IG | 30D","ad6 | msg aeromédico",inactive,ad,"Clique de 1 dia","Visitas ao perfil do Instagram",334,4743,1.07969639,0.1191018,39.78,–,–,–,5121,7.76801406,352,0.11301136,6.87365749,335,6.54169108,0.11874627,,2026-01-30,2026-01-30
2026-01-31,"v4 | Tráfego | Acessos ao perfil","00 | Semelhante (BR, 1%) - Todos envolvidos IG | 30D","ad6 | msg aeromédico",inactive,ad,"Clique de 1 dia","Visitas ao perfil do Instagram",308,4887,1.10497238,0.13081169,40.29,–,–,–,5400,7.46111111,324,0.12435185,6,310,5.74074074,0.12996774,,2026-01-31,2026-01-31
2026-02-01,"v4 | Tráfego | Acessos ao perfil","00 | Semelhante (BR, 1%) - Todos envolvidos IG | 30D","ad6 | msg aeromédico",inactive,ad,"Clique de 1 dia","Visitas ao perfil do Instagram",362,5824,1.08293269,0.12201657,44.17,–,–,–,6307,7.00332963,387,0.11413437,6.13603932,359,5.69208816,0.12303621,,2026-02-01,2026-02-01
2026-02-02,"v4 | Tráfego | Acessos ao perfil","00 | Semelhante (BR, 1%) - Todos envolvidos IG | 30D","ad6 | msg aeromédico",inactive,ad,"Clique de 1 dia","Visitas ao perfil do Instagram",297,5683,1.11859933,0.13188552,39.17,–,–,–,6357,6.1617115,309,0.12676375,4.86078339,298,4.68774579,0.13144295,,2026-02-02,2026-02-02
2026-02-03,"v4 | Tráfego | Acessos ao perfil","00 | Semelhante (BR, 1%) - Todos envolvidos IG | 30D","ad6 | msg aeromédico",inactive,ad,"Clique de 1 dia","Visitas ao perfil do Instagram",301,6378,1.05424898,0.13129568,39.52,–,–,–,6724,5.8774539,311,0.12707395,4.62522308,301,4.47650208,0.13129568,,2026-02-03,2026-02-03
2026-02-04,"v4 | Tráfego | Acessos ao perfil","00 | Semelhante (BR, 1%) - Todos envolvidos IG | 30D","ad6 | msg aeromédico",inactive,ad,"Clique de 1 dia","Visitas ao perfil do Instagram",265,5271,1.11041548,0.14603774,38.7,–,–,–,5853,6.61199385,277,0.13971119,4.73261575,263,4.49342218,0.14714829,,2026-02-04,2026-02-04
2026-02-05,"v4 | Tráfego | Acessos ao perfil","00 | Semelhante (BR, 1%) - Todos envolvidos IG | 30D","ad6 | msg aeromédico",inactive,ad,"Clique de 1 dia","Visitas ao perfil do Instagram",302,5120,1.05820312,0.13884106,41.93,–,–,–,5418,7.73901809,313,0.13396166,5.7770395,306,5.64784053,0.13702614,,2026-02-05,2026-02-05
2026-02-06,"v4 | Tráfego | Acessos ao perfil","00 | Semelhante (BR, 1%) - Todos envolvidos IG | 30D","ad6 | msg aeromédico",inactive,ad,"Clique de 1 dia","Visitas ao perfil do Instagram",292,4686,1.05078959,0.12893836,37.65,–,–,–,4924,7.64622258,309,0.12184466,6.27538587,292,5.9301381,0.12893836,,2026-02-06,2026-02-06
2026-02-07,"v4 | Tráfego | Acessos ao perfil","00 | Semelhante (BR, 1%) - Todos envolvidos IG | 30D","ad6 | msg aeromédico",inactive,ad,"Clique de 1 dia","Visitas ao perfil do Instagram",339,4705,1.05568544,0.11377581,38.57,–,–,–,4967,7.76525065,356,0.1083427,7.16730421,336,6.76464667,0.11479167,,2026-02-07,2026-02-07
2026-02-08,"v4 | Tráfego | Acessos ao perfil","00 | Semelhante (BR, 1%) - Todos envolvidos IG | 30D","ad6 | msg aeromédico",inactive,ad,"Clique de 1 dia","Visitas ao perfil do Instagram",398,5491,1.07157166,0.11005025,43.8,–,–,–,5884,7.4439157,420,0.10428571,7.13800136,401,6.81509177,0.10922693,,2026-02-08,2026-02-08
2026-02-09,"v4 | Tráfego | Acessos ao perfil","00 | Semelhante (BR, 1%) - Todos envolvidos IG | 30D","ad6 | msg aeromédico",inactive,ad,"Clique de 1 dia","Visitas ao perfil do Instagram",324,4804,1.08097419,0.12,38.88,–,–,–,5193,7.48700173,345,0.11269565,6.64355864,321,6.18139804,0.1211215,,2026-02-09,2026-02-09
2026-02-10,"v4 | Tráfego | Acessos ao perfil","00 | Semelhante (BR, 1%) - Todos envolvidos IG | 30D","ad6 | msg aeromédico",inactive,ad,"Clique de 1 dia","Visitas ao perfil do Instagram",310,4523,1.05195667,0.12754839,39.54,–,–,–,4758,8.31021438,327,0.12091743,6.87263556,310,6.51534258,0.12754839,,2026-02-10,2026-02-10
2026-02-11,"v4 | Tráfego | Acessos ao perfil","00 | Semelhante (BR, 1%) - Todos envolvidos IG | 30D","ad6 | msg aeromédico",inactive,ad,"Clique de 1 dia","Visitas ao perfil do Instagram",302,4267,1.06679166,0.12953642,39.12,–,–,–,4552,8.5940246,326,0.12,7.16168717,304,6.67838313,0.12868421,,2026-02-11,2026-02-11
2026-02-12,"v4 | Tráfego | Acessos ao perfil","00 | Semelhante (BR, 1%) - Todos envolvidos IG | 30D","ad6 | msg aeromédico",inactive,ad,"Clique de 1 dia","Visitas ao perfil do Instagram",281,4070,1.05872236,0.13160142,36.98,–,–,–,4309,8.5820376,299,0.12367893,6.93896496,283,6.56764911,0.13067138,,2026-02-12,2026-02-12
2026-02-13,"v4 | Tráfego | Acessos ao perfil","00 | Semelhante (BR, 1%) - Todos envolvidos IG | 30D","ad6 | msg aeromédico",inactive,ad,"Clique de 1 dia","Visitas ao perfil do Instagram",1,4,1,0.03,0.03,–,–,–,4,7.5,1,0.03,25,1,25,0.03,,2026-02-13,2026-02-13
2026-02-24,"v4 | Tráfego | Acessos ao perfil","00 | Semelhante (BR, 1%) - Todos envolvidos IG | 30D","ad6 | msg aeromédico",inactive,ad,"Clique de 1 dia","Visitas ao perfil do Instagram",506,8577,1.09245657,0.13413043,67.87,–,–,–,9370,7.24332978,534,0.12709738,5.69903949,508,5.42155816,0.13360236,,2026-02-24,2026-02-24
2026-02-25,"v4 | Tráfego | Acessos ao perfil","00 | Semelhante (BR, 1%) - Todos envolvidos IG | 30D","ad6 | msg aeromédico",inactive,ad,"Clique de 1 dia","Visitas ao perfil do Instagram",420,5909,1.09697072,0.12714286,53.4,–,–,–,6482,8.23819809,443,0.12054176,6.8343104,420,6.47948164,0.12714286,,2026-02-25,2026-02-25
2026-02-26,"v4 | Tráfego | Acessos ao perfil","00 | Semelhante (BR, 1%) - Todos envolvidos IG | 30D","ad6 | msg aeromédico",inactive,ad,"Clique de 1 dia","Visitas ao perfil do Instagram",412,6445,1.03087665,0.12813107,52.79,–,–,–,6644,7.94551475,438,0.12052511,6.59241421,414,6.23118603,0.12751208,,2026-02-26,2026-02-26
2026-02-27,"v4 | Tráfego | Acessos ao perfil","00 | Semelhante (BR, 1%) - Todos envolvidos IG | 30D","ad6 | msg aeromédico",inactive,ad,"Clique de 1 dia","Visitas ao perfil do Instagram",322,6094,1.07335084,0.15509317,49.94,–,–,–,6541,7.63491821,332,0.15042169,5.0756765,321,4.9075065,0.15557632,,2026-02-27,2026-02-27
2026-02-28,"v4 | Tráfego | Acessos ao perfil","00 | Semelhante (BR, 1%) - Todos envolvidos IG | 30D","ad6 | msg aeromédico",inactive,ad,"Clique de 1 dia","Visitas ao perfil do Instagram",381,6802,1.08379888,0.14692913,55.98,–,–,–,7372,7.5935974,401,0.139601,5.43950081,380,5.15463918,0.14731579,,2026-02-28,2026-02-28
2026-03-01,"v4 | Tráfego | Acessos ao perfil","00 | Semelhante (BR, 1%) - Todos envolvidos IG | 30D","ad6 | msg aeromédico",inactive,ad,"Clique de 1 dia","Visitas ao perfil do Instagram",400,6161,1.10793702,0.11435,45.74,–,–,–,6826,6.70084969,419,0.10916468,6.13829476,395,5.78669792,0.11579747,,2026-03-01,2026-03-01
2026-03-02,"v4 | Tráfego | Acessos ao perfil","00 | Semelhante (BR, 1%) - Todos envolvidos IG | 30D","ad6 | msg aeromédico",inactive,ad,"Clique de 1 dia","Visitas ao perfil do Instagram",308,5004,1.08013589,0.12464286,38.39,–,–,–,5405,7.1026827,319,0.12034483,5.90194265,305,5.64292322,0.12586885,,2026-03-02,2026-03-02
2026-03-03,"v4 | Tráfego | Acessos ao perfil","00 | Semelhante (BR, 1%) - Todos envolvidos IG | 30D","ad6 | msg aeromédico",inactive,ad,"Clique de 1 dia","Visitas ao perfil do Instagram",273,4540,1.06938326,0.13483516,36.81,–,–,–,4855,7.58187436,284,0.12961268,5.84963955,272,5.60247168,0.13533088,,2026-03-03,2026-03-03
2026-03-04,"v4 | Tráfego | Acessos ao perfil","00 | Semelhante (BR, 1%) - Todos envolvidos IG | 30D","ad4 | Seu embarque vip começa aqui",not_delivering,ad,"Clique de 1 dia",,,3,1,,0,–,–,–,3,0,,,,0,0,,,2026-03-04,2026-03-04
2026-03-04,"v4 | Tráfego | Acessos ao perfil","00 | Semelhante (BR, 1%) - Todos envolvidos IG | 30D","ad6 | msg aeromédico",inactive,ad,"Clique de 1 dia","Visitas ao perfil do Instagram",152,2746,1.06300073,0.14960526,22.74,–,–,–,2919,7.79033916,159,0.14301887,5.44707091,152,5.20726276,0.14960526,,2026-03-04,2026-03-04
2026-03-04,"v4 | Tráfego | Acessos ao perfil","00 | Semelhante (BR, 1%) - Todos envolvidos IG | 30D","ad7 |",inactive,ad,"Clique de 1 dia","Visitas ao perfil do Instagram",23,2306,1.03078925,0.3126087,7.19,–,–,–,2377,3.0248212,24,0.29958333,1.00967606,23,0.96760623,0.3126087,,2026-03-04,2026-03-04
2026-03-05,"v4 | Tráfego | Acessos ao perfil","00 | Semelhante (BR, 1%) - Todos envolvidos IG | 30D","ad7 |",inactive,ad,"Clique de 1 dia","Visitas ao perfil do Instagram",148,11140,1.14111311,0.24972973,36.96,–,–,–,12712,2.90748899,152,0.24315789,1.19572058,145,1.1406545,0.25489655,,2026-03-05,2026-03-05
2026-03-06,"v4 | Tráfego | Acessos ao perfil","00 | Semelhante (BR, 1%) - Todos envolvidos IG | 30D","ad7 |",inactive,ad,"Clique de 1 dia","Visitas ao perfil do Instagram",174,12602,1.14021584,0.25678161,44.68,–,–,–,14369,3.10947178,176,0.25386364,1.22485907,171,1.19006194,0.26128655,,2026-03-06,2026-03-06
2026-03-07,"v4 | Tráfego | Acessos ao perfil","00 | Semelhante (BR, 1%) - Todos envolvidos IG | 30D","ad7 |",inactive,ad,"Clique de 1 dia","Visitas ao perfil do Instagram",177,13277,1.13979062,0.26830508,47.49,–,–,–,15133,3.13817485,180,0.26383333,1.18945351,175,1.15641314,0.27137143,,2026-03-07,2026-03-07
2026-03-08,"v4 | Tráfego | Acessos ao perfil","00 | Semelhante (BR, 1%) - Todos envolvidos IG | 30D","ad4 | Seu embarque vip começa aqui",not_delivering,ad,"Clique de 1 dia",,,22,1.04545455,,0.14,–,–,–,23,6.08695652,,,,0,0,,,2026-03-08,2026-03-08
2026-03-08,"v4 | Tráfego | Acessos ao perfil","00 | Semelhante (BR, 1%) - Todos envolvidos IG | 30D","ad7 |",inactive,ad,"Clique de 1 dia","Visitas ao perfil do Instagram",173,12292,1.17507322,0.2417341,41.82,–,–,–,14444,2.89531986,183,0.22852459,1.26696206,178,1.23234561,0.23494382,,2026-03-08,2026-03-08
2026-03-09,"v4 | Tráfego | Acessos ao perfil","00 | Semelhante (BR, 1%) - Todos envolvidos IG | 30D","ad4 | Seu embarque vip começa aqui",not_delivering,ad,"Clique de 1 dia",,,1,1,,0.01,–,–,–,1,10,,,,0,0,,,2026-03-09,2026-03-09
2026-03-09,"v4 | Tráfego | Acessos ao perfil","00 | Semelhante (BR, 1%) - Todos envolvidos IG | 30D","ad7 |",inactive,ad,"Clique de 1 dia","Visitas ao perfil do Instagram",153,12252,1.11271629,0.2624183,40.15,–,–,–,13633,2.94505978,153,0.2624183,1.12227683,152,1.11494169,0.26414474,,2026-03-09,2026-03-09
2026-03-10,"v4 | Tráfego | Acessos ao perfil","00 | Semelhante (BR, 1%) - Todos envolvidos IG | 30D","ad7 |",inactive,ad,"Clique de 1 dia","Visitas ao perfil do Instagram",143,11448,1.10980084,0.27615385,39.49,–,–,–,12705,3.10822511,144,0.27423611,1.13341204,142,1.11767021,0.27809859,,2026-03-10,2026-03-10
2026-03-11,"v4 | Tráfego | Acessos ao perfil","00 | Semelhante (BR, 1%) - Todos envolvidos IG | 30D","ad4 | Seu embarque vip começa aqui",not_delivering,ad,"Clique de 1 dia","Visitas ao perfil do Instagram",2,12,1,0.045,0.09,–,–,–,12,7.5,2,0.045,16.66666667,2,16.66666667,0.045,,2026-03-11,2026-03-11
2026-03-11,"v4 | Tráfego | Acessos ao perfil","00 | Semelhante (BR, 1%) - Todos envolvidos IG | 30D","ad7 |",inactive,ad,"Clique de 1 dia","Visitas ao perfil do Instagram",163,11225,1.11447661,0.24631902,40.15,–,–,–,12510,3.20943245,172,0.23343023,1.37490008,165,1.31894484,0.24333333,,2026-03-11,2026-03-11
2026-03-12,"v4 | Tráfego | Acessos ao perfil","00 | Semelhante (BR, 1%) - Todos envolvidos IG | 30D","ad7 |",inactive,ad,"Clique de 1 dia","Visitas ao perfil do Instagram",151,10955,1.12195345,0.26337748,39.77,–,–,–,12291,3.23570092,156,0.2549359,1.26922138,152,1.23667724,0.26164474,,2026-03-12,2026-03-12
2026-03-13,"v4 | Tráfego | Acessos ao perfil","00 | Semelhante (BR, 1%) - Todos envolvidos IG | 30D","ad7 |",inactive,ad,"Clique de 1 dia","Visitas ao perfil do Instagram",163,10631,1.11833318,0.24257669,39.54,–,–,–,11889,3.32576331,167,0.23676647,1.40465977,165,1.3878375,0.23963636,,2026-03-13,2026-03-13
2026-03-13,"v4 | Tráfego | Acessos ao perfil","00 | Semelhante (BR, 1%) - Todos envolvidos IG | 30D","ad4 | Seu embarque vip começa aqui",not_delivering,ad,"Clique de 1 dia","Visitas ao perfil do Instagram",1,7,1.14285714,0.09,0.09,–,–,–,8,11.25,2,0.045,25,1,12.5,0.09,,2026-03-13,2026-03-13
2026-03-14,"v4 | Tráfego | Acessos ao perfil","00 | Semelhante (BR, 1%) - Todos envolvidos IG | 30D","ad7 |",inactive,ad,"Clique de 1 dia","Visitas ao perfil do Instagram",125,10445,1.10224988,0.31,38.75,–,–,–,11513,3.36576044,131,0.29580153,1.13784418,130,1.12915834,0.29807692,,2026-03-14,2026-03-14
2026-03-15,"v4 | Tráfego | Acessos ao perfil","00 | Semelhante (BR, 1%) - Todos envolvidos IG | 30D","ad7 |",inactive,ad,"Clique de 1 dia","Visitas ao perfil do Instagram",142,11931,1.13544548,0.30408451,43.18,–,–,–,13547,3.18742157,149,0.28979866,1.09987451,148,1.0924928,0.29175676,,2026-03-15,2026-03-15
2026-03-16,"v4 | Tráfego | Acessos ao perfil","00 | Semelhante (BR, 1%) - Todos envolvidos IG | 30D","ad4 | Seu embarque vip começa aqui",not_delivering,ad,"Clique de 1 dia",,,5,1,,0.04,–,–,–,5,8,,,,0,0,,,2026-03-16,2026-03-16
2026-03-16,"v4 | Tráfego | Acessos ao perfil","00 | Semelhante (BR, 1%) - Todos envolvidos IG | 30D","ad7 |",inactive,ad,"Clique de 1 dia","Visitas ao perfil do Instagram",177,10996,1.12422699,0.22305085,39.48,–,–,–,12362,3.19365798,184,0.21456522,1.48843229,172,1.39136062,0.22953488,,2026-03-16,2026-03-16
2026-03-17,"v4 | Tráfego | Acessos ao perfil","00 | Semelhante (BR, 1%) - Todos envolvidos IG | 30D","ad7 |",inactive,ad,"Clique de 1 dia","Visitas ao perfil do Instagram",113,9024,1.13696809,0.29079646,32.86,–,–,–,10260,3.20272904,120,0.27383333,1.16959064,113,1.10136452,0.29079646,,2026-03-17,2026-03-17
2026-03-18,"v4 | Tráfego | Acessos ao perfil","00 | Semelhante (BR, 1%) - Todos envolvidos IG | 30D","ad4 | Seu embarque vip começa aqui",not_delivering,ad,"Clique de 1 dia","Visitas ao perfil do Instagram",1,163,1.07361963,0.96,0.96,–,–,–,175,5.48571429,1,0.96,0.57142857,1,0.57142857,0.96,,2026-03-18,2026-03-18
2026-03-18,"v4 | Tráfego | Acessos ao perfil","00 | Semelhante (BR, 1%) - Todos envolvidos IG | 30D","ad7 |",inactive,ad,"Clique de 1 dia","Visitas ao perfil do Instagram",147,10598,1.15672768,0.29564626,43.46,–,–,–,12259,3.5451505,153,0.28405229,1.24806265,152,1.23990538,0.28592105,,2026-03-18,2026-03-18
2026-03-19,"v4 | Tráfego | Acessos ao perfil","00 | Semelhante (BR, 1%) - Todos envolvidos IG | 30D","ad4 | Seu embarque vip começa aqui",not_delivering,ad,"Clique de 1 dia","Visitas ao perfil do Instagram",1,15,1,0.26,0.26,–,–,–,15,17.33333333,1,0.26,6.66666667,1,6.66666667,0.26,,2026-03-19,2026-03-19
2026-03-19,"v4 | Tráfego | Acessos ao perfil","00 | Semelhante (BR, 1%) - Todos envolvidos IG | 30D","ad7 |",inactive,ad,"Clique de 1 dia","Visitas ao perfil do Instagram",128,10445,1.15414074,0.31984375,40.94,–,–,–,12055,3.3961012,136,0.30102941,1.12816259,132,1.09498134,0.31015152,,2026-03-19,2026-03-19
2026-03-20,"v4 | Tráfego | Acessos ao perfil","00 | Semelhante (BR, 1%) - Todos envolvidos IG | 30D","ad7 |",inactive,ad,"Clique de 1 dia","Visitas ao perfil do Instagram",164,10390,1.12771896,0.24286585,39.83,–,–,–,11717,3.3993343,170,0.23429412,1.45088333,164,1.39967568,0.24286585,,2026-03-20,2026-03-20
2026-03-20,"v4 | Tráfego | Acessos ao perfil","00 | Semelhante (BR, 1%) - Todos envolvidos IG | 30D","ad4 | Seu embarque vip começa aqui",not_delivering,ad,"Clique de 1 dia",,,5,1,,0.03,–,–,–,5,6,,,,0,0,,,2026-03-20,2026-03-20
2026-03-21,"v4 | Tráfego | Acessos ao perfil","00 | Semelhante (BR, 1%) - Todos envolvidos IG | 30D","ad4 | Seu embarque vip começa aqui",not_delivering,ad,"Clique de 1 dia","Visitas ao perfil do Instagram",4,27,1,0.0775,0.31,–,–,–,27,11.48148148,4,0.0775,14.81481481,4,14.81481481,0.0775,,2026-03-21,2026-03-21
2026-03-21,"v4 | Tráfego | Acessos ao perfil","00 | Semelhante (BR, 1%) - Todos envolvidos IG | 30D","ad7 |",inactive,ad,"Clique de 1 dia","Visitas ao perfil do Instagram",138,10010,1.14585415,0.28007246,38.65,–,–,–,11470,3.36965998,146,0.26472603,1.27288579,140,1.22057541,0.27607143,,2026-03-21,2026-03-21
2026-03-22,"v4 | Tráfego | Acessos ao perfil","00 | Semelhante (BR, 1%) - Todos envolvidos IG | 30D","ad4 | Seu embarque vip começa aqui",not_delivering,ad,"Clique de 1 dia","Visitas ao perfil do Instagram",1,95,1.03157895,0.72,0.72,–,–,–,98,7.34693878,1,0.72,1.02040816,1,1.02040816,0.72,,2026-03-22,2026-03-22
2026-03-22,"v4 | Tráfego | Acessos ao perfil","00 | Semelhante (BR, 1%) - Todos envolvidos IG | 30D","ad7 |",inactive,ad,"Clique de 1 dia","Visitas ao perfil do Instagram",148,11315,1.15280601,0.29155405,43.15,–,–,–,13044,3.30803435,159,0.27138365,1.21895124,151,1.15762036,0.28576159,,2026-03-22,2026-03-22
2026-03-23,"v4 | Tráfego | Acessos ao perfil","00 | Semelhante (BR, 1%) - Todos envolvidos IG | 30D","ad4 | Seu embarque vip começa aqui",not_delivering,ad,"Clique de 1 dia",,,50,1.04,,0.44,–,–,–,52,8.46153846,,,,0,0,,,2026-03-23,2026-03-23
2026-03-23,"v4 | Tráfego | Acessos ao perfil","00 | Semelhante (BR, 1%) - Todos envolvidos IG | 30D","ad7 |",inactive,ad,"Clique de 1 dia","Visitas ao perfil do Instagram",144,10612,1.12222013,0.27048611,38.95,–,–,–,11909,3.27063565,148,0.26317568,1.24275758,143,1.20077252,0.27237762,,2026-03-23,2026-03-23
2026-03-24,"v4 | Tráfego | Acessos ao perfil","00 | Semelhante (BR, 1%) - Todos envolvidos IG | 30D","ad4 | Seu embarque vip começa aqui",not_delivering,ad,"Clique de 1 dia","Visitas ao perfil do Instagram",1,12,1,0.09,0.09,–,–,–,12,7.5,1,0.09,8.33333333,1,8.33333333,0.09,,2026-03-24,2026-03-24
2026-03-24,"v4 | Tráfego | Acessos ao perfil","00 | Semelhante (BR, 1%) - Todos envolvidos IG | 30D","ad7 |",inactive,ad,"Clique de 1 dia","Visitas ao perfil do Instagram",127,9601,1.11655036,0.30362205,38.56,–,–,–,10720,3.59701493,133,0.28992481,1.24067164,130,1.21268657,0.29661538,,2026-03-24,2026-03-24
2026-03-25,"v4 | Tráfego | Acessos ao perfil","00 | Semelhante (BR, 1%) - Todos envolvidos IG | 30D","ad7 |",inactive,ad,"Clique de 1 dia","Visitas ao perfil do Instagram",116,9546,1.08830924,0.31931034,37.04,–,–,–,10389,3.56530946,118,0.31389831,1.13581673,115,1.10694003,0.32208696,,2026-03-25,2026-03-25
2026-03-26,"v4 | Tráfego | Acessos ao perfil","00 | Semelhante (BR, 1%) - Todos envolvidos IG | 30D","ad7 |",inactive,ad,"Clique de 1 dia","Visitas ao perfil do Instagram",147,9634,1.0758771,0.26319728,38.69,–,–,–,10365,3.73275446,150,0.25793333,1.447178,143,1.37964303,0.27055944,,2026-03-26,2026-03-26
2026-03-27,"v4 | Tráfego | Acessos ao perfil","00 | Semelhante (BR, 1%) - Todos envolvidos IG | 30D","ad7 |",inactive,ad,"Clique de 1 dia",,,41,1.04878049,,0.14,–,–,–,43,3.25581395,,,,0,0,,,2026-03-27,2026-03-27
2026-04-08,"v4 | Tráfego | Acessos ao perfil","00 | Semelhante (BR, 1%) - Todos envolvidos IG | 30D","ad4 | Seu embarque vip começa aqui",not_delivering,ad,"Clique de 1 dia","Visitas ao perfil do Instagram",16,601,1.08652246,0.571875,9.15,–,–,–,653,14.01225115,15,0.61,2.29709035,15,2.29709035,0.61,,2026-04-08,2026-04-08
2026-04-08,"v4 | Tráfego | Acessos ao perfil","00 | Semelhante (BR, 1%) - Todos envolvidos IG | 30D","ad7 |",inactive,ad,"Clique de 1 dia","Visitas ao perfil do Instagram",209,13785,1.15009068,0.28741627,60.07,–,–,–,15854,3.78894916,216,0.27810185,1.36243219,210,1.32458686,0.28604762,,2026-04-08,2026-04-08
2026-04-09,"v4 | Tráfego | Acessos ao perfil","00 | Semelhante (BR, 1%) - Todos envolvidos IG | 30D","ad4 | Seu embarque vip começa aqui",not_delivering,ad,"Clique de 1 dia","Visitas ao perfil do Instagram",9,182,1.06593407,0.24666667,2.22,–,–,–,194,11.44329897,9,0.24666667,4.63917526,9,4.63917526,0.24666667,,2026-04-09,2026-04-09
2026-04-09,"v4 | Tráfego | Acessos ao perfil","00 | Semelhante (BR, 1%) - Todos envolvidos IG | 30D","ad7 |",inactive,ad,"Clique de 1 dia","Visitas ao perfil do Instagram",252,17182,1.15004074,0.26595238,67.02,–,–,–,19760,3.3917004,258,0.25976744,1.30566802,250,1.26518219,0.26808,,2026-04-09,2026-04-09
2026-04-10,"v4 | Tráfego | Acessos ao perfil","00 | Semelhante (BR, 1%) - Todos envolvidos IG | 30D","ad4 | Seu embarque vip começa aqui",not_delivering,ad,"Clique de 1 dia","Visitas ao perfil do Instagram",8,337,1.06231454,0.3875,3.1,–,–,–,358,8.65921788,8,0.3875,2.23463687,8,2.23463687,0.3875,,2026-04-10,2026-04-10
2026-04-10,"v4 | Tráfego | Acessos ao perfil","00 | Semelhante (BR, 1%) - Todos envolvidos IG | 30D","ad7 |",inactive,ad,"Clique de 1 dia","Visitas ao perfil do Instagram",264,16831,1.19796804,0.24257576,64.04,–,–,–,20163,3.17611467,271,0.23630996,1.34404602,264,1.30932897,0.24257576,,2026-04-10,2026-04-10
2026-04-11,"v4 | Tráfego | Acessos ao perfil","00 | Semelhante (BR, 1%) - Todos envolvidos IG | 30D","ad4 | Seu embarque vip começa aqui",not_delivering,ad,"Clique de 1 dia","Visitas ao perfil do Instagram",3,100,1.01,0.16333333,0.49,–,–,–,101,4.85148515,3,0.16333333,2.97029703,3,2.97029703,0.16333333,,2026-04-11,2026-04-11
2026-04-11,"v4 | Tráfego | Acessos ao perfil","00 | Semelhante (BR, 1%) - Todos envolvidos IG | 30D","ad7 |",inactive,ad,"Clique de 1 dia","Visitas ao perfil do Instagram",268,17725,1.22471086,0.2538806,68.04,–,–,–,21708,3.13432836,274,0.24832117,1.26220748,267,1.2299613,0.25483146,,2026-04-11,2026-04-11
2026-04-12,"v4 | Tráfego | Acessos ao perfil","00 | Semelhante (BR, 1%) - Todos envolvidos IG | 30D","ad4 | Seu embarque vip começa aqui",not_delivering,ad,"Clique de 1 dia","Visitas ao perfil do Instagram",3,176,1.06818182,0.26333333,0.79,–,–,–,188,4.20212766,3,0.26333333,1.59574468,3,1.59574468,0.26333333,,2026-04-12,2026-04-12
2026-04-12,"v4 | Tráfego | Acessos ao perfil","00 | Semelhante (BR, 1%) - Todos envolvidos IG | 30D","ad7 |",inactive,ad,"Clique de 1 dia","Visitas ao perfil do Instagram",213,12719,1.151427,0.20399061,43.45,–,–,–,14645,2.9668829,217,0.20023041,1.48173438,209,1.42710823,0.20789474,,2026-04-12,2026-04-12
2026-04-13,"v4 | Tráfego | Acessos ao perfil","00 | Semelhante (BR, 1%) - Todos envolvidos IG | 30D","ad4 | Seu embarque vip começa aqui",not_delivering,ad,"Clique de 1 dia","Visitas ao perfil do Instagram",1,129,1.06976744,0.72,0.72,–,–,–,138,5.2173913,1,0.72,0.72463768,0,0,,,2026-04-13,2026-04-13
2026-04-13,"v4 | Tráfego | Acessos ao perfil","00 | Semelhante (BR, 1%) - Todos envolvidos IG | 30D","ad7 |",inactive,ad,"Clique de 1 dia","Visitas ao perfil do Instagram",178,11057,1.15962739,0.21477528,38.23,–,–,–,12822,2.98159414,185,0.20664865,1.44283263,179,1.39603806,0.21357542,,2026-04-13,2026-04-13
2026-04-14,"v4 | Tráfego | Acessos ao perfil","00 | Semelhante (BR, 1%) - Todos envolvidos IG | 30D","ad4 | Seu embarque vip começa aqui",not_delivering,ad,"Clique de 1 dia",,,64,1.046875,,0.33,–,–,–,67,4.92537313,,,,0,0,,,2026-04-14,2026-04-14
2026-04-14,"v4 | Tráfego | Acessos ao perfil","00 | Semelhante (BR, 1%) - Todos envolvidos IG | 30D","ad7 |",inactive,ad,"Clique de 1 dia","Visitas ao perfil do Instagram",150,10904,1.13710565,0.25553333,38.33,–,–,–,12399,3.09137834,157,0.24414013,1.26623115,155,1.25010081,0.24729032,,2026-04-14,2026-04-14
2026-04-15,"v4 | Tráfego | Acessos ao perfil","00 | Semelhante (BR, 1%) - Todos envolvidos IG | 30D","ad4 | Seu embarque vip começa aqui",not_delivering,ad,"Clique de 1 dia","Visitas ao perfil do Instagram",2,40,1.025,0.13,0.26,–,–,–,41,6.34146341,3,0.08666667,7.31707317,3,7.31707317,0.08666667,,2026-04-15,2026-04-15
2026-04-15,"v4 | Tráfego | Acessos ao perfil","00 | Semelhante (BR, 1%) - Todos envolvidos IG | 30D","ad7 |",inactive,ad,"Clique de 1 dia","Visitas ao perfil do Instagram",143,10182,1.17815753,0.2686014,38.41,–,–,–,11996,3.20190063,148,0.25952703,1.23374458,145,1.20873625,0.26489655,,2026-04-15,2026-04-15
2026-04-16,"v4 | Tráfego | Acessos ao perfil","00 | Semelhante (BR, 1%) - Todos envolvidos IG | 30D","ad4 | Seu embarque vip começa aqui",not_delivering,ad,"Clique de 1 dia",,,1,1,,0,–,–,–,1,0,,,,0,0,,,2026-04-16,2026-04-16
2026-04-16,"v4 | Tráfego | Acessos ao perfil","00 | Semelhante (BR, 1%) - Todos envolvidos IG | 30D","ad7 |",inactive,ad,"Clique de 1 dia","Visitas ao perfil do Instagram",142,10258,1.0845194,0.2743662,38.96,–,–,–,11125,3.50202247,145,0.26868966,1.30337079,143,1.28539326,0.27244755,,2026-04-16,2026-04-16
2026-04-17,"v4 | Tráfego | Acessos ao perfil","00 | Semelhante (BR, 1%) - Todos envolvidos IG | 30D","ad7 |",inactive,ad,"Clique de 1 dia","Visitas ao perfil do Instagram",187,10836,1.13925803,0.21534759,40.27,–,–,–,12345,3.26204941,194,0.20757732,1.57148643,184,1.49048198,0.2188587,,2026-04-17,2026-04-17
2026-04-17,"v4 | Tráfego | Acessos ao perfil","00 | Semelhante (BR, 1%) - Todos envolvidos IG | 30D","ad4 | Seu embarque vip começa aqui",not_delivering,ad,"Clique de 1 dia",,,10,1,,0.03,–,–,–,10,3,,,,0,0,,,2026-04-17,2026-04-17
2026-04-18,"v4 | Tráfego | Acessos ao perfil","00 | Semelhante (BR, 1%) - Todos envolvidos IG | 30D","ad4 | Seu embarque vip começa aqui",not_delivering,ad,"Clique de 1 dia",,,12,1,,0.03,–,–,–,12,2.5,,,,0,0,,,2026-04-18,2026-04-18
2026-04-18,"v4 | Tráfego | Acessos ao perfil","00 | Semelhante (BR, 1%) - Todos envolvidos IG | 30D","ad7 |",inactive,ad,"Clique de 1 dia","Visitas ao perfil do Instagram",190,10556,1.16710875,0.21121053,40.13,–,–,–,12320,3.25730519,195,0.20579487,1.58279221,191,1.55032468,0.21010471,,2026-04-18,2026-04-18
2026-04-19,"v4 | Tráfego | Acessos ao perfil","00 | Semelhante (BR, 1%) - Todos envolvidos IG | 30D","ad4 | Seu embarque vip começa aqui",not_delivering,ad,"Clique de 1 dia",,,7,1,,0.08,–,–,–,7,11.42857143,,,,0,0,,,2026-04-19,2026-04-19
2026-04-19,"v4 | Tráfego | Acessos ao perfil","00 | Semelhante (BR, 1%) - Todos envolvidos IG | 30D","ad7 |",inactive,ad,"Clique de 1 dia","Visitas ao perfil do Instagram",193,11603,1.17702318,0.22176166,42.8,–,–,–,13657,3.133924,194,0.22061856,1.42051695,191,1.39855019,0.22408377,,2026-04-19,2026-04-19
2026-04-20,"v4 | Tráfego | Acessos ao perfil","00 | Semelhante (BR, 1%) - Todos envolvidos IG | 30D","ad4 | Seu embarque vip começa aqui",not_delivering,ad,"Clique de 1 dia",,,4,1,,0.04,–,–,–,4,10,,,,0,0,,,2026-04-20,2026-04-20
2026-04-20,"v4 | Tráfego | Acessos ao perfil","00 | Semelhante (BR, 1%) - Todos envolvidos IG | 30D","ad7 |",inactive,ad,"Clique de 1 dia","Visitas ao perfil do Instagram",177,11155,1.19856567,0.21949153,38.85,–,–,–,13370,2.90575916,181,0.21464088,1.35377711,174,1.30142109,0.22327586,,2026-04-20,2026-04-20
2026-04-21,"v4 | Tráfego | Acessos ao perfil","00 | Semelhante (BR, 1%) - Todos envolvidos IG | 30D","ad7 |",inactive,ad,"Clique de 1 dia","Visitas ao perfil do Instagram",199,11559,1.18202267,0.19693467,39.19,–,–,–,13663,2.86833053,202,0.1940099,1.47844544,197,1.44185025,0.19893401,,2026-04-21,2026-04-21
2026-04-22,"v4 | Tráfego | Acessos ao perfil","00 | Semelhante (BR, 1%) - Todos envolvidos IG | 30D","ad4 | Seu embarque vip começa aqui",not_delivering,ad,"Clique de 1 dia",,,3,1,,0.01,–,–,–,3,3.33333333,,,,0,0,,,2026-04-22,2026-04-22
2026-04-22,"v4 | Tráfego | Acessos ao perfil","00 | Semelhante (BR, 1%) - Todos envolvidos IG | 30D","ad7 |",inactive,ad,"Clique de 1 dia","Visitas ao perfil do Instagram",157,10453,1.11853057,0.22955414,36.04,–,–,–,11692,3.08244954,167,0.21580838,1.42832706,161,1.37700992,0.22385093,,2026-04-22,2026-04-22
2026-04-23,"v4 | Tráfego | Acessos ao perfil","00 | Semelhante (BR, 1%) - Todos envolvidos IG | 30D","ad4 | Seu embarque vip começa aqui",not_delivering,ad,"Clique de 1 dia",,,3,1,,0,–,–,–,3,0,,,,0,0,,,2026-04-23,2026-04-23
2026-04-23,"v4 | Tráfego | Acessos ao perfil","00 | Semelhante (BR, 1%) - Todos envolvidos IG | 30D","ad7 |",inactive,ad,"Clique de 1 dia","Visitas ao perfil do Instagram",144,10839,1.13285358,0.26777778,38.56,–,–,–,12279,3.14032087,150,0.25706667,1.22159785,148,1.20530988,0.26054054,,2026-04-23,2026-04-23
2026-04-24,"v4 | Tráfego | Acessos ao perfil","00 | Semelhante (BR, 1%) - Todos envolvidos IG | 30D","ad7 |",inactive,ad,"Clique de 1 dia","Visitas ao perfil do Instagram",181,11552,1.14049515,0.23674033,42.85,–,–,–,13175,3.25237192,186,0.23037634,1.41176471,182,1.38140417,0.23543956,,2026-04-24,2026-04-24
2026-04-24,"v4 | Tráfego | Acessos ao perfil","00 | Semelhante (BR, 1%) - Todos envolvidos IG | 30D","ad4 | Seu embarque vip começa aqui",not_delivering,ad,"Clique de 1 dia",,,1,1,,0.01,–,–,–,1,10,,,,0,0,,,2026-04-24,2026-04-24
2026-04-25,"v4 | Tráfego | Acessos ao perfil","00 | Semelhante (BR, 1%) - Todos envolvidos IG | 30D","ad4 | Seu embarque vip começa aqui",not_delivering,ad,"Clique de 1 dia",,,9,1,,0.13,–,–,–,9,14.44444444,,,,0,0,,,2026-04-25,2026-04-25
2026-04-25,"v4 | Tráfego | Acessos ao perfil","00 | Semelhante (BR, 1%) - Todos envolvidos IG | 30D","ad7 |",inactive,ad,"Clique de 1 dia","Visitas ao perfil do Instagram",167,11117,1.14356391,0.24742515,41.32,–,–,–,12713,3.25021631,172,0.24023256,1.3529458,170,1.33721388,0.24305882,,2026-04-25,2026-04-25
2026-04-26,"v4 | Tráfego | Acessos ao perfil","00 | Semelhante (BR, 1%) - Todos envolvidos IG | 30D","ad7 |",inactive,ad,"Clique de 1 dia","Visitas ao perfil do Instagram",185,12412,1.13656139,0.23372973,43.24,–,–,–,14107,3.06514496,188,0.23,1.33267172,187,1.32558304,0.23122995,,2026-04-26,2026-04-26
2026-04-27,"[V4] [ENG] [POST] [ABRIL]","CJ 01 | Rmk + Semelhante (BR, 1%)","Cada missão envolve muito mais do que uma decolagem.",inactive,ad,"Clique de 7 dias ou visualização de 1 dia","Engajamentos com o post",1501,2798,1,0.00955363,14.34,–,–,–,2798,5.12508935,,,,50,1.78699071,0.2868,,2026-04-27,2026-04-27
2026-04-27,"[V4] [ENG] [POST] [ABRIL]","CJ 01 | Rmk + Semelhante (BR, 1%)","Antes de cada decolagem, existe coordenação.",inactive,ad,"Clique de 7 dias ou visualização de 1 dia","Engajamentos com o post",2,80,1,0.98,1.96,–,–,–,80,24.5,2,0.98,2.5,3,3.75,0.65333333,,2026-04-27,2026-04-27
2026-04-27,"v4 | Tráfego | Acessos ao perfil","00 | Semelhante (BR, 1%) - Todos envolvidos IG | 30D","ad7 |",inactive,ad,"Clique de 1 dia","Visitas ao perfil do Instagram",31,2636,1.01745068,0.2816129,8.73,–,–,–,2682,3.25503356,32,0.2728125,1.19313945,32,1.19313945,0.2728125,,2026-04-27,2026-04-27
2026-04-27,"v4 | Tráfego | Acessos ao perfil","00 | Semelhante (BR, 1%) - Todos envolvidos IG | 30D","ad4 | Seu embarque vip começa aqui",not_delivering,ad,"Clique de 1 dia","Visitas ao perfil do Instagram",61,3340,1.14820359,0.34540984,21.07,–,–,–,3835,5.49413299,59,0.35711864,1.53846154,56,1.46023468,0.37625,,2026-04-27,2026-04-27
2026-04-28,"v4 | Tráfego | Acessos ao perfil","00 | Semelhante (BR, 1%) - Todos envolvidos IG | 30D","ad4 | Seu embarque vip começa aqui",not_delivering,ad,"Clique de 1 dia","Visitas ao perfil do Instagram",73,4118,1.09276348,0.30821918,22.5,–,–,–,4500,5,72,0.3125,1.6,70,1.55555556,0.32142857,,2026-04-28,2026-04-28
2026-04-28,"[V4] [ENG] [POST] [ABRIL]","CJ 01 | Rmk + Semelhante (BR, 1%)","Cada missão envolve muito mais do que uma decolagem.",inactive,ad,"Clique de 7 dias ou visualização de 1 dia","Engajamentos com o post",2456,3770,1.10928382,0.00611156,15.01,–,–,–,4182,3.58919177,,,,55,1.31516021,0.27290909,,2026-04-28,2026-04-28
2026-04-28,"[V4] [ENG] [POST] [ABRIL]","CJ 01 | Rmk + Semelhante (BR, 1%)","Antes de cada decolagem, existe coordenação.",inactive,ad,"Clique de 7 dias ou visualização de 1 dia",,,4,1,,0,–,–,–,4,0,,,,0,0,,,2026-04-28,2026-04-28
2026-04-29,"v4 | Tráfego | Acessos ao perfil","00 | Semelhante (BR, 1%) - Todos envolvidos IG | 30D","ad4 | Seu embarque vip começa aqui",not_delivering,ad,"Clique de 1 dia","Visitas ao perfil do Instagram",91,3729,1.09224993,0.25252747,22.98,–,–,–,4073,5.6420329,92,0.24978261,2.25877731,87,2.13601768,0.26413793,,2026-04-29,2026-04-29
2026-04-29,"[V4] [ENG] [POST] [ABRIL]","CJ 01 | Rmk + Semelhante (BR, 1%)","Cada missão envolve muito mais do que uma decolagem.",inactive,ad,"Clique de 7 dias ou visualização de 1 dia","Engajamentos com o post",1525,2375,1.08084211,0.00636721,9.71,–,–,–,2567,3.78262563,,,,41,1.59719517,0.23682927,,2026-04-29,2026-04-29
2026-04-30,"v4 | Tráfego | Acessos ao perfil","00 | Semelhante (BR, 1%) - Todos envolvidos IG | 30D","ad4 | Seu embarque vip começa aqui",not_delivering,ad,"Clique de 1 dia","Visitas ao perfil do Instagram",17,843,1.02491103,0.26764706,4.55,–,–,–,864,5.2662037,19,0.23947368,2.19907407,18,2.08333333,0.25277778,,2026-04-30,2026-04-30
2026-04-30,"[V4] [ENG] [POST] [ABRIL]","CJ 01 | Rmk + Semelhante (BR, 1%)","Cada missão envolve muito mais do que uma decolagem.",inactive,ad,"Clique de 7 dias ou visualização de 1 dia","Engajamentos com o post",254,428,1.01869159,0.00716535,1.82,–,–,–,436,4.17431193,,,,12,2.75229358,0.15166667,,2026-04-30,2026-04-30
2026-05-18,"v4 | Tráfego | Acessos ao perfil","00 | Semelhante (BR, 1%) - Todos envolvidos IG | 30D","ad4 | Seu embarque vip começa aqui",not_delivering,ad,"Clique de 1 dia","Visitas ao perfil do Instagram",55,2380,1.02857143,0.42581818,23.42,–,–,–,2448,9.56699346,54,0.4337037,2.20588235,51,2.08333333,0.45921569,,2026-05-18,2026-05-18
2026-05-18,"[V4] [ENG] [POST] [ABRIL]","CJ 01 | Rmk + Semelhante (BR, 1%)","Cada missão envolve muito mais do que uma decolagem.",inactive,ad,"Clique de 7 dias ou visualização de 1 dia","Engajamentos com o post",1693,2678,1.0403286,0.00604253,10.23,–,–,–,2786,3.67193108,,,,44,1.5793252,0.2325,,2026-05-18,2026-05-18
2026-05-19,"[V4] [ENG] [POST] [ABRIL]","CJ 01 | Rmk + Semelhante (BR, 1%)","Cada missão envolve muito mais do que uma decolagem.",inactive,ad,"Clique de 7 dias ou visualização de 1 dia","Engajamentos com o post",2928,4517,1.07814921,0.00609973,17.86,–,–,–,4870,3.66735113,,,,83,1.70431211,0.21518072,,2026-05-19,2026-05-19
2026-05-19,"v4 | Tráfego | Acessos ao perfil","00 | Semelhante (BR, 1%) - Todos envolvidos IG | 30D","ad4 | Seu embarque vip começa aqui",not_delivering,ad,"Clique de 1 dia","Visitas ao perfil do Instagram",105,4614,1.07498916,0.40714286,42.75,–,–,–,4960,8.61895161,110,0.38863636,2.21774194,101,2.03629032,0.42326733,,2026-05-19,2026-05-19
2026-05-20,"v4 | Tráfego | Acessos ao perfil","00 | Semelhante (BR, 1%) - Todos envolvidos IG | 30D","ad4 | Seu embarque vip começa aqui",not_delivering,ad,"Clique de 1 dia","Visitas ao perfil do Instagram",88,3672,1.08251634,0.29602273,26.05,–,–,–,3975,6.55345912,89,0.29269663,2.23899371,84,2.11320755,0.31011905,,2026-05-20,2026-05-20
2026-05-20,"[V4] [ENG] [POST] [ABRIL]","CJ 01 | Rmk + Semelhante (BR, 1%)","Cada missão envolve muito mais do que uma decolagem.",inactive,ad,"Clique de 7 dias ou visualização de 1 dia","Engajamentos com o post",2240,3856,1.01063278,0.00584375,13.09,–,–,–,3897,3.3589941,,,,75,1.92455735,0.17453333,,2026-05-20,2026-05-20
2026-05-20,"[V4] [ENG] [POST] [ABRIL]","CJ 01 | Rmk + Semelhante (BR, 1%)","Antes de cada decolagem, existe coordenação.",inactive,ad,"Clique de 7 dias ou visualização de 1 dia","Engajamentos com o post",1,1,1,0.01,0.01,–,–,–,1,10,,,,0,0,,,2026-05-20,2026-05-20
2026-05-21,"v4 | Tráfego | Acessos ao perfil","00 | Semelhante (BR, 1%) - Todos envolvidos IG | 30D","ad4 | Seu embarque vip começa aqui",not_delivering,ad,"Clique de 1 dia","Visitas ao perfil do Instagram",115,3561,1.1024993,0.23817391,27.39,–,–,–,3926,6.97656648,115,0.23817391,2.92919002,110,2.80183393,0.249,,2026-05-21,2026-05-21
2026-05-21,"[V4] [ENG] [POST] [ABRIL]","CJ 01 | Rmk + Semelhante (BR, 1%)","Cada missão envolve muito mais do que uma decolagem.",inactive,ad,"Clique de 7 dias ou visualização de 1 dia","Engajamentos com o post",3259,5418,1.03211517,0.0063946,20.84,–,–,–,5592,3.7267525,,,,113,2.02074392,0.18442478,,2026-05-21,2026-05-21
2026-05-22,"v4 | Tráfego | Acessos ao perfil","00 | Semelhante (BR, 1%) - Todos envolvidos IG | 30D","ad4 | Seu embarque vip começa aqui",not_delivering,ad,"Clique de 1 dia","Visitas ao perfil do Instagram",80,4165,1.0542617,0.3505,28.04,–,–,–,4391,6.38578911,80,0.3505,1.82190845,78,1.77636074,0.35948718,,2026-05-22,2026-05-22
2026-05-22,"[V4] [ENG] [POST] [ABRIL]","CJ 01 | Rmk + Semelhante (BR, 1%)","Cada missão envolve muito mais do que uma decolagem.",inactive,ad,"Clique de 7 dias ou visualização de 1 dia","Engajamentos com o post",3335,5433,1.05613841,0.00618291,20.62,–,–,–,5738,3.59358662,,,,123,2.14360404,0.16764228,,2026-05-22,2026-05-22
2026-05-23,"v4 | Tráfego | Acessos ao perfil","00 | Semelhante (BR, 1%) - Todos envolvidos IG | 30D","ad4 | Seu embarque vip começa aqui",not_delivering,ad,"Clique de 1 dia","Visitas ao perfil do Instagram",96,4359,1.05987612,0.28427083,27.29,–,–,–,4620,5.90692641,97,0.28134021,2.0995671,92,1.99134199,0.29663043,,2026-05-23,2026-05-23
2026-05-23,"[V4] [ENG] [POST] [ABRIL]","CJ 01 | Rmk + Semelhante (BR, 1%)","Cada missão envolve muito mais do que uma decolagem.",inactive,ad,"Clique de 7 dias ou visualização de 1 dia","Engajamentos com o post",3583,6092,1.03841103,0.00611499,21.91,–,–,–,6326,3.46348403,,,,128,2.02339551,0.17117188,,2026-05-23,2026-05-23
2026-05-24,"v4 | Tráfego | Acessos ao perfil","00 | Semelhante (BR, 1%) - Todos envolvidos IG | 30D","ad4 | Seu embarque vip começa aqui",not_delivering,ad,"Clique de 1 dia","Visitas ao perfil do Instagram",104,5422,1.05551457,0.26836538,27.91,–,–,–,5723,4.87681286,109,0.25605505,1.90459549,101,1.76480867,0.27633663,,2026-05-24,2026-05-24
2026-05-24,"[V4] [ENG] [POST] [ABRIL]","CJ 01 | Rmk + Semelhante (BR, 1%)","Cada missão envolve muito mais do que uma decolagem.",inactive,ad,"Clique de 7 dias ou visualização de 1 dia","Engajamentos com o post",2687,4224,1.06699811,0.00590622,15.87,–,–,–,4507,3.52118926,,,,117,2.59596184,0.13564103,,2026-05-24,2026-05-24
2026-05-25,"v4 | Tráfego | Acessos ao perfil","00 | Semelhante (BR, 1%) - Todos envolvidos IG | 30D","ad4 | Seu embarque vip começa aqui",not_delivering,ad,"Clique de 1 dia","Visitas ao perfil do Instagram",77,3926,1.10443199,0.31363636,24.15,–,–,–,4336,5.56964945,76,0.31776316,1.75276753,74,1.70664207,0.32635135,,2026-05-25,2026-05-25
2026-05-25,"[V4] [ENG] [POST] [ABRIL]","CJ 01 | Rmk + Semelhante (BR, 1%)","Cada missão envolve muito mais do que uma decolagem.",inactive,ad,"Clique de 7 dias ou visualização de 1 dia","Engajamentos com o post",2133,3458,1.05349913,0.00608533,12.98,–,–,–,3643,3.56299753,,,,74,2.03129289,0.17540541,,2026-05-25,2026-05-25
2026-05-26,"v4 | Tráfego | Acessos ao perfil","00 | Semelhante (BR, 1%) - Todos envolvidos IG | 30D","ad4 | Seu embarque vip começa aqui",not_delivering,ad,"Clique de 1 dia","Visitas ao perfil do Instagram",75,3482,1.08070075,0.3264,24.48,–,–,–,3763,6.50544778,77,0.31792208,2.0462397,73,1.93994154,0.33534247,,2026-05-26,2026-05-26
2026-05-26,"[V4] [ENG] [POST] [ABRIL]","CJ 01 | Rmk + Semelhante (BR, 1%)","Cada missão envolve muito mais do que uma decolagem.",inactive,ad,"Clique de 7 dias ou visualização de 1 dia","Engajamentos com o post",588,992,1.05645161,0.00656463,3.86,–,–,–,1048,3.68320611,,,,21,2.00381679,0.18380952,,2026-05-26,2026-05-26
2026-05-26,"[V4] [ENG] [POST] [ABRIL]","CJ 01 | Rmk + Semelhante (BR, 1%)","Antes de cada decolagem, existe coordenação.",inactive,ad,"Clique de 7 dias ou visualização de 1 dia","Engajamentos com o post",55,133,1.03759398,0.06145455,3.38,–,–,–,138,24.49275362,,,,2,1.44927536,1.69,,2026-05-26,2026-05-26
2026-05-27,"v4 | Tráfego | Acessos ao perfil","00 | Semelhante (BR, 1%) - Todos envolvidos IG | 30D","ad4 | Seu embarque vip começa aqui",not_delivering,ad,"Clique de 1 dia","Visitas ao perfil do Instagram",82,3155,1.11442155,0.29817073,24.45,–,–,–,3516,6.95392491,85,0.28764706,2.41751991,81,2.30375427,0.30185185,,2026-05-27,2026-05-27
2026-05-27,"[V4] [ENG] [POST] [ABRIL]","CJ 01 | Rmk + Semelhante (BR, 1%)","Antes de cada decolagem, existe coordenação.",inactive,ad,"Clique de 7 dias ou visualização de 1 dia","Engajamentos com o post",262,603,1.10447761,0.05759542,15.09,–,–,–,666,22.65765766,6,2.515,0.9009009,43,6.45645646,0.35093023,,2026-05-27,2026-05-27
2026-05-28,"[V4] [ENG] [POST] [ABRIL]","CJ 01 | Rmk + Semelhante (BR, 1%)","Há missões que vão muito além do voo.",not_delivering,ad,"Clique de 7 dias ou visualização de 1 dia","Engajamentos com o post",1735,4192,1.02218511,0.01191931,20.68,–,–,–,4285,4.82613769,8,2.585,0.18669778,34,0.79346558,0.60823529,,2026-05-28,2026-05-28
2026-05-28,"[V4] [ENG] [POST] [ABRIL]","CJ 01 | Rmk + Semelhante (BR, 1%)","Antes de cada decolagem, existe coordenação.",inactive,ad,"Clique de 7 dias ou visualização de 1 dia","Engajamentos com o post",76,207,1.0821256,0.06368421,4.84,–,–,–,224,21.60714286,1,4.84,0.44642857,17,7.58928571,0.28470588,,2026-05-28,2026-05-28
2026-05-28,"v4 | Tráfego | Acessos ao perfil","00 | Semelhante (BR, 1%) - Todos envolvidos IG | 30D","ad4 | Seu embarque vip começa aqui",not_delivering,ad,"Clique de 1 dia","Visitas ao perfil do Instagram",9,784,1,0.59,5.31,–,–,–,784,6.77295918,9,0.59,1.14795918,9,1.14795918,0.59,,2026-05-28,2026-05-28
2026-05-29,"[V4] [ENG] [POST] [ABRIL]","CJ 01 | Rmk + Semelhante (BR, 1%)","Há missões que vão muito além do voo.",not_delivering,ad,"Clique de 7 dias ou visualização de 1 dia","Engajamentos com o post",1980,3921,1.0510074,0.00871212,17.25,–,–,–,4121,4.18587721,3,5.75,0.07279786,71,1.7228828,0.24295775,,2026-05-29,2026-05-29
2026-05-30,"[V4] [ENG] [POST] [ABRIL]","CJ 01 | Rmk + Semelhante (BR, 1%)","Há missões que vão muito além do voo.",not_delivering,ad,"Clique de 7 dias ou visualização de 1 dia","Engajamentos com o post",1112,2249,1.03290351,0.00972122,10.81,–,–,–,2323,4.65346535,1,10.81,0.04304778,47,2.0232458,0.23,,2026-05-30,2026-05-30
2026-05-31,"[V4] [ENG] [POST] [ABRIL]","CJ 01 | Rmk + Semelhante (BR, 1%)","Há missões que vão muito além do voo.",not_delivering,ad,"Clique de 7 dias ou visualização de 1 dia","Engajamentos com o post",2382,4463,1.0732691,0.00754408,17.97,–,–,–,4790,3.75156576,2,8.985,0.04175365,68,1.41962422,0.26426471,,2026-05-31,2026-05-31
2026-06-01,"[V4] [ENG] [POST] [ABRIL]","CJ 01 | Rmk + Semelhante (BR, 1%)","Há missões que vão muito além do voo.",not_delivering,ad,"Clique de 7 dias ou visualização de 1 dia","Engajamentos com o post",2154,4265,1.03423212,0.00687558,14.81,–,–,–,4411,3.3575153,2,7.405,0.04534119,62,1.40557697,0.23887097,,2026-06-01,2026-06-01
2026-06-02,"[V4] [ENG] [POST] [ABRIL]","CJ 01 | Rmk + Semelhante (BR, 1%)","Há missões que vão muito além do voo.",not_delivering,ad,"Clique de 7 dias ou visualização de 1 dia","Engajamentos com o post",1834,3612,1.04125138,0.00742639,13.62,–,–,–,3761,3.62137729,1,13.62,0.02658867,54,1.43578835,0.25222222,,2026-06-02,2026-06-02
2026-06-03,"[V4] [ENG] [POST] [ABRIL]","CJ 01 | Rmk + Semelhante (BR, 1%)","Há missões que vão muito além do voo.",not_delivering,ad,"Clique de 7 dias ou visualização de 1 dia","Engajamentos com o post",2023,4156,1.02093359,0.00726149,14.69,–,–,–,4243,3.46217299,4,3.6725,0.09427292,60,1.4140938,0.24483333,,2026-06-03,2026-06-03
2026-06-04,"[V4] [ENG] [POST] [ABRIL]","CJ 01 | Rmk + Semelhante (BR, 1%)","Há missões que vão muito além do voo.",not_delivering,ad,"Clique de 7 dias ou visualização de 1 dia","Engajamentos com o post",1923,3897,1.01924557,0.0075871,14.59,–,–,–,3972,3.67321249,3,4.86333333,0.0755287,67,1.68680765,0.21776119,,2026-06-04,2026-06-04
2026-06-05,"[V4] [ENG] [POST] [ABRIL]","CJ 01 | Rmk + Semelhante (BR, 1%)","Há missões que vão muito além do voo.",not_delivering,ad,"Clique de 7 dias ou visualização de 1 dia","Engajamentos com o post",1618,3260,1.03865031,0.00844252,13.66,–,–,–,3386,4.03425871,3,4.55333333,0.08860012,41,1.21086828,0.33317073,,2026-06-05,2026-06-05
2026-06-06,"[V4] [ENG] [POST] [ABRIL]","CJ 01 | Rmk + Semelhante (BR, 1%)","Há missões que vão muito além do voo.",not_delivering,ad,"Clique de 7 dias ou visualização de 1 dia","Engajamentos com o post",1321,3029,1.01353582,0.01167298,15.42,–,–,–,3070,5.0228013,,,,10,0.3257329,1.542,,2026-06-06,2026-06-06
2026-06-07,"[V4] [ENG] [POST] [ABRIL]","CJ 01 | Rmk + Semelhante (BR, 1%)","Há missões que vão muito além do voo.",not_delivering,ad,"Clique de 7 dias ou visualização de 1 dia","Engajamentos com o post",1982,4044,1.04624135,0.00895055,17.74,–,–,–,4231,4.19286221,5,3.548,0.11817537,46,1.08721342,0.38565217,,2026-06-07,2026-06-07
2026-06-08,"[V4] [ENG] [POST] [ABRIL]","CJ 01 | Rmk + Semelhante (BR, 1%)","Há missões que vão muito além do voo.",not_delivering,ad,"Clique de 7 dias ou visualização de 1 dia","Engajamentos com o post",1858,3837,1.02892885,0.00821313,15.26,–,–,–,3948,3.86524823,2,7.63,0.05065856,41,1.03850051,0.37219512,,2026-06-08,2026-06-08
2026-06-09,"[V4] [ENG] [POST] [ABRIL]","CJ 01 | Rmk + Semelhante (BR, 1%)","Há missões que vão muito além do voo.",not_delivering,ad,"Clique de 7 dias ou visualização de 1 dia","Engajamentos com o post",1760,3515,1.0341394,0.00846023,14.89,–,–,–,3635,4.09628611,1,14.89,0.02751032,41,1.12792297,0.36317073,,2026-06-09,2026-06-09
2026-06-10,"[V4] [ENG] [POST] [ABRIL]","CJ 01 | Rmk + Semelhante (BR, 1%)","Há missões que vão muito além do voo.",not_delivering,ad,"Clique de 7 dias ou visualização de 1 dia","Engajamentos com o post",1742,3121,1.09548222,0.00795063,13.85,–,–,–,3419,4.05089207,8,1.73125,0.23398655,44,1.286926,0.31477273,,2026-06-10,2026-06-10
2026-06-11,"[V4] [ENG] [POST] [ABRIL]","CJ 01 | Rmk + Semelhante (BR, 1%)","Há missões que vão muito além do voo.",not_delivering,ad,"Clique de 7 dias ou visualização de 1 dia","Engajamentos com o post",1658,3248,1.02986453,0.00834138,13.83,–,–,–,3345,4.13452915,2,6.915,0.05979073,33,0.98654709,0.41909091,,2026-06-11,2026-06-11
2026-06-12,"[V4] [ENG] [POST] [ABRIL]","CJ 01 | Rmk + Semelhante (BR, 1%)","Há missões que vão muito além do voo.",not_delivering,ad,"Clique de 7 dias ou visualização de 1 dia","Engajamentos com o post",1589,3228,1.05638166,0.00909377,14.45,–,–,–,3410,4.23753666,2,7.225,0.05865103,35,1.02639296,0.41285714,,2026-06-12,2026-06-12
2026-06-13,"[V4] [ENG] [POST] [ABRIL]","CJ 01 | Rmk + Semelhante (BR, 1%)","Há missões que vão muito além do voo.",not_delivering,ad,"Clique de 7 dias ou visualização de 1 dia","Engajamentos com o post",1698,3634,1.02724271,0.00875147,14.86,–,–,–,3733,3.98071256,3,4.95333333,0.08036432,39,1.04473614,0.38102564,,2026-06-13,2026-06-13
2026-06-14,"[V4] [ENG] [POST] [ABRIL]","CJ 01 | Rmk + Semelhante (BR, 1%)","Há missões que vão muito além do voo.",not_delivering,ad,"Clique de 7 dias ou visualização de 1 dia","Engajamentos com o post",2325,4512,1.06139184,0.00731613,17.01,–,–,–,4789,3.55188975,5,3.402,0.10440593,56,1.16934642,0.30375,,2026-06-14,2026-06-14
2026-06-15,"[V4] [ENG] [POST] [ABRIL]","CJ 01 | Rmk + Semelhante (BR, 1%)","Há missões que vão muito além do voo.",not_delivering,ad,"Clique de 7 dias ou visualização de 1 dia","Engajamentos com o post",534,1019,1.00981354,0.00717228,3.83,–,–,–,1029,3.72206025,3,1.27666667,0.29154519,18,1.74927114,0.21277778,,2026-06-15,2026-06-15
2026-06-15,"[V4] [ENG] [SEGUIDORES]","Rmk + Semelhante (BR, 1%)","Há missões que vão muito",not_delivering,ad,"Clique de 7 dias ou visualização de 1 dia","Engajamentos com o post",1781,2818,1.02058197,0.00699045,12.45,–,–,–,2876,4.32892907,,,,4,0.13908206,3.1125,,2026-06-15,2026-06-15
2026-06-15,"[V4] [ENG] [SEGUIDORES]","Rmk + Semelhante (BR, 1%)","Confiança não tem atalho",not_delivering,ad,"Clique de 7 dias ou visualização de 1 dia","Engajamentos com o post",8,33,1.09090909,0.0075,0.06,–,–,–,36,1.66666667,,,,0,0,,,2026-06-15,2026-06-15
2026-06-16,"[V4] [ENG] [SEGUIDORES]","Rmk + Semelhante (BR, 1%)","Confiança não tem atalho",not_delivering,ad,"Clique de 7 dias ou visualização de 1 dia","Engajamentos com o post",3,6,1.16666667,0.00333333,0.01,–,–,–,7,1.42857143,,,,0,0,,,2026-06-16,2026-06-16
2026-06-16,"[V4] [ENG] [SEGUIDORES]","Rmk + Semelhante (BR, 1%)","Há missões que vão muito",not_delivering,ad,"Clique de 7 dias ou visualização de 1 dia","Engajamentos com o post",2712,3899,1.02821236,0.00559366,15.17,–,–,–,4009,3.78398603,,,,5,0.12471938,3.034,,2026-06-16,2026-06-16
2026-06-17,"[V4] [ENG] [SEGUIDORES]","Rmk + Semelhante (BR, 1%)","Há missões que vão muito",not_delivering,ad,"Clique de 7 dias ou visualização de 1 dia","Engajamentos com o post",2224,3151,1,0.00571942,12.72,–,–,–,3151,4.03681371,,,,4,0.12694383,3.18,,2026-06-17,2026-06-17
2026-06-17,"[V4] [ENG] [SEGUIDORES]","Rmk + Semelhante (BR, 1%)","Confiança não tem atalho",not_delivering,ad,"Clique de 7 dias ou visualização de 1 dia","Engajamentos com o post",1,1,1,0,0,–,–,–,1,0,,,,0,0,,,2026-06-17,2026-06-17
2026-06-18,"[V4] [ENG] [SEGUIDORES]","Rmk + Semelhante (BR, 1%)","Há missões que vão muito",not_delivering,ad,"Clique de 7 dias ou visualização de 1 dia","Engajamentos com o post",2187,3098,1.02808263,0.00647462,14.16,–,–,–,3185,4.44583987,,,,3,0.09419152,4.72,,2026-06-18,2026-06-18
2026-06-19,"[V4] [ENG] [SEGUIDORES]","Rmk + Semelhante (BR, 1%)","Há missões que vão muito",not_delivering,ad,"Clique de 7 dias ou visualização de 1 dia","Engajamentos com o post",1898,2794,1.03722262,0.00722866,13.72,–,–,–,2898,4.73429952,,,,2,0.06901311,6.86,,2026-06-19,2026-06-19
2026-06-19,"[V4] [ENG] [SEGUIDORES]","Rmk + Semelhante (BR, 1%)","Confiança não tem atalho",active,ad,"Clique de 7 dias ou visualização de 1 dia","Engajamentos com o post",87,259,1.01158301,0.02724138,2.37,–,–,–,262,9.04580153,,,,0,0,,,2026-06-19,2026-06-19
2026-06-19,"[V4] [ENG] [SEGUIDORES]","Rmk + Semelhante (BR, 1%)","Há missões que vão muito",not_delivering,ad,"Clique de 7 dias ou visualização de 1 dia","Engajamentos com o post",223,417,1.03597122,0.01080717,2.41,–,–,–,432,5.5787037,,,,0,0,,,2026-06-19,2026-06-19
2026-06-19,"[V4] [ENG] [SEGUIDORES]","Rmk + Semelhante (BR, 1%)","Cada missão envolve muito",active,ad,"Clique de 7 dias ou visualização de 1 dia","Engajamentos com o post",64,181,1,0.03109375,1.99,–,–,–,181,10.99447514,,,,1,0.55248619,1.99,,2026-06-19,2026-06-19
2026-06-20,"[V4] [ENG] [SEGUIDORES]","Rmk + Semelhante (BR, 1%)","Cada missão envolve muito",active,ad,"Clique de 7 dias ou visualização de 1 dia","Engajamentos com o post",191,539,1,0.02858639,5.46,–,–,–,539,10.12987013,,,,0,0,,,2026-06-20,2026-06-20
2026-06-20,"[V4] [ENG] [SEGUIDORES]","Rmk + Semelhante (BR, 1%)","Há missões que vão muito",not_delivering,ad,"Clique de 7 dias ou visualização de 1 dia","Engajamentos com o post",613,958,1.02400835,0.00872757,5.35,–,–,–,981,5.45361876,,,,1,0.1019368,5.35,,2026-06-20,2026-06-20
2026-06-20,"[V4] [ENG] [SEGUIDORES]","Rmk + Semelhante (BR, 1%)","Confiança não tem atalho",active,ad,"Clique de 7 dias ou visualização de 1 dia","Engajamentos com o post",354,676,1.0295858,0.01539548,5.45,–,–,–,696,7.83045977,,,,0,0,,,2026-06-20,2026-06-20
2026-06-20,"[V4] [ENG] [SEGUIDORES]","Rmk + Semelhante (BR, 1%)","Confiança não tem atalho",not_delivering,ad,"Clique de 7 dias ou visualização de 1 dia","Engajamentos com o post",2,2,1,0.01,0.02,–,–,–,2,10,,,,0,0,,,2026-06-20,2026-06-20
2026-06-20,"[V4] [ENG] [SEGUIDORES]","Rmk + Semelhante (BR, 1%)","Há missões que vão muito",not_delivering,ad,"Clique de 7 dias ou visualização de 1 dia","Engajamentos com o post",2030,2988,1.02476573,0.00729557,14.81,–,–,–,3062,4.83670803,,,,3,0.09797518,4.93666667,,2026-06-20,2026-06-20
2026-06-21,"[V4] [ENG] [SEGUIDORES]","Rmk + Semelhante (BR, 1%)","Há missões que vão muito",not_delivering,ad,"Clique de 7 dias ou visualização de 1 dia","Engajamentos com o post",2451,3558,1.0103991,0.00680947,16.69,–,–,–,3595,4.64255911,,,,3,0.08344924,5.56333333,,2026-06-21,2026-06-21
2026-06-21,"[V4] [ENG] [SEGUIDORES]","Rmk + Semelhante (BR, 1%)","Confiança não tem atalho",not_delivering,ad,"Clique de 7 dias ou visualização de 1 dia","Engajamentos com o post",1,3,1,0.01,0.01,–,–,–,3,3.33333333,,,,0,0,,,2026-06-21,2026-06-21
2026-06-21,"[V4] [ENG] [SEGUIDORES]","Rmk + Semelhante (BR, 1%)","Confiança não tem atalho",active,ad,"Clique de 7 dias ou visualização de 1 dia","Engajamentos com o post",707,1182,1.03722504,0.01039604,7.35,–,–,–,1226,5.99510604,,,,3,0.24469821,2.45,,2026-06-21,2026-06-21
2026-06-21,"[V4] [ENG] [SEGUIDORES]","Rmk + Semelhante (BR, 1%)","Há missões que vão muito",not_delivering,ad,"Clique de 7 dias ou visualização de 1 dia","Engajamentos com o post",797,1348,1,0.00836888,6.67,–,–,–,1348,4.94807122,,,,1,0.07418398,6.67,,2026-06-21,2026-06-21
2026-06-21,"[V4] [ENG] [SEGUIDORES]","Rmk + Semelhante (BR, 1%)","Cada missão envolve muito",active,ad,"Clique de 7 dias ou visualização de 1 dia","Engajamentos com o post",286,744,1.02150538,0.02486014,7.11,–,–,–,760,9.35526316,,,,1,0.13157895,7.11,,2026-06-21,2026-06-21
2026-06-22,"[V4] [ENG] [SEGUIDORES]","Rmk + Semelhante (BR, 1%)","Cada missão envolve muito",active,ad,"Clique de 7 dias ou visualização de 1 dia","Engajamentos com o post",266,634,1,0.0224812,5.98,–,–,–,634,9.43217666,,,,0,0,,,2026-06-22,2026-06-22
2026-06-22,"[V4] [ENG] [SEGUIDORES]","Rmk + Semelhante (BR, 1%)","Há missões que vão muito",not_delivering,ad,"Clique de 7 dias ou visualização de 1 dia","Engajamentos com o post",864,1380,1.00724638,0.00746528,6.45,–,–,–,1390,4.64028777,,,,1,0.07194245,6.45,,2026-06-22,2026-06-22
2026-06-22,"[V4] [ENG] [SEGUIDORES]","Rmk + Semelhante (BR, 1%)","Confiança não tem atalho",not_delivering,ad,"Clique de 7 dias ou visualização de 1 dia","Engajamentos com o post",5,6,1,0.004,0.02,–,–,–,6,3.33333333,,,,0,0,,,2026-06-22,2026-06-22
2026-06-22,"[V4] [ENG] [SEGUIDORES]","Rmk + Semelhante (BR, 1%)","Confiança não tem atalho",active,ad,"Clique de 7 dias ou visualização de 1 dia","Engajamentos com o post",753,1122,1,0.00836653,6.3,–,–,–,1122,5.61497326,,,,0,0,,,2026-06-22,2026-06-22
2026-06-22,"[V4] [ENG] [SEGUIDORES]","Rmk + Semelhante (BR, 1%)","Há missões que vão muito",not_delivering,ad,"Clique de 7 dias ou visualização de 1 dia","Engajamentos com o post",2161,3205,1.01154446,0.0070708,15.28,–,–,–,3242,4.71314004,,,,11,0.33929673,1.38909091,,2026-06-22,2026-06-22
2026-06-23,"[V4] [ENG] [SEGUIDORES]","Rmk + Semelhante (BR, 1%)","Há missões que vão muito",not_delivering,ad,"Clique de 7 dias ou visualização de 1 dia","Engajamentos com o post",1776,2637,1.02919985,0.00775901,13.78,–,–,–,2714,5.07737657,,,,3,0.11053795,4.59333333,,2026-06-23,2026-06-23
2026-06-23,"[V4] [ENG] [SEGUIDORES]","Rmk + Semelhante (BR, 1%)","Confiança não tem atalho",not_delivering,ad,"Clique de 7 dias ou visualização de 1 dia","Engajamentos com o post",22,30,1,0.00636364,0.14,–,–,–,30,4.66666667,,,,0,0,,,2026-06-23,2026-06-23
2026-06-23,"[V4] [ENG] [SEGUIDORES]","Rmk + Semelhante (BR, 1%)","Confiança não tem atalho",active,ad,"Clique de 7 dias ou visualização de 1 dia","Engajamentos com o post",725,1071,1.03267974,0.00845517,6.13,–,–,–,1106,5.54249548,,,,1,0.09041591,6.13,,2026-06-23,2026-06-23
2026-06-23,"[V4] [ENG] [SEGUIDORES]","Rmk + Semelhante (BR, 1%)","Há missões que vão muito",not_delivering,ad,"Clique de 7 dias ou visualização de 1 dia","Engajamentos com o post",705,1100,1.01636364,0.00804255,5.67,–,–,–,1118,5.07155635,,,,1,0.08944544,5.67,,2026-06-23,2026-06-23
2026-06-23,"[V4] [ENG] [SEGUIDORES]","Rmk + Semelhante (BR, 1%)","Cada missão envolve muito",active,ad,"Clique de 7 dias ou visualização de 1 dia","Engajamentos com o post",248,529,1.01323251,0.02310484,5.73,–,–,–,536,10.69029851,,,,0,0,,,2026-06-23,2026-06-23
2026-06-24,"[V4] [ENG] [SEGUIDORES]","Rmk + Semelhante (BR, 1%)","Cada missão envolve muito",active,ad,"Clique de 7 dias ou visualização de 1 dia","Engajamentos com o post",73,164,1.00609756,0.03369863,2.46,–,–,–,165,14.90909091,,,,0,0,,,2026-06-24,2026-06-24
2026-06-24,"[V4] [ENG] [SEGUIDORES]","Rmk + Semelhante (BR, 1%)","Há missões que vão muito",not_delivering,ad,"Clique de 7 dias ou visualização de 1 dia","Engajamentos com o post",692,1063,1,0.00836705,5.79,–,–,–,1063,5.44684854,,,,2,0.18814675,2.895,,2026-06-24,2026-06-24
2026-06-24,"[V4] [ENG] [SEGUIDORES]","Rmk + Semelhante (BR, 1%)","Confiança não tem atalho",active,ad,"Clique de 7 dias ou visualização de 1 dia","Engajamentos com o post",594,883,1.02265006,0.0089899,5.34,–,–,–,903,5.91362126,,,,0,0,,,2026-06-24,2026-06-24
2026-06-24,"[V4] [ENG] [SEGUIDORES]","Rmk + Semelhante (BR, 1%)","Confiança não tem atalho",not_delivering,ad,"Clique de 7 dias ou visualização de 1 dia","Engajamentos com o post",14,18,1,0.00857143,0.12,–,–,–,18,6.66666667,,,,0,0,,,2026-06-24,2026-06-24
2026-06-24,"[V4] [ENG] [SEGUIDORES]","Rmk + Semelhante (BR, 1%)","Há missões que vão muito",not_delivering,ad,"Clique de 7 dias ou visualização de 1 dia","Engajamentos com o post",1747,2665,1,0.0081225,14.19,–,–,–,2665,5.32457786,,,,7,0.26266417,2.02714286,,2026-06-24,2026-06-24
2026-06-25,"[V4] [ENG] [SEGUIDORES]","Rmk + Semelhante (BR, 1%)","Há missões que vão muito",not_delivering,ad,"Clique de 7 dias ou visualização de 1 dia","Engajamentos com o post",1753,2593,1.00269958,0.00786081,13.78,–,–,–,2600,5.3,,,,14,0.53846154,0.98428571,,2026-06-25,2026-06-25
2026-06-25,"[V4] [ENG] [SEGUIDORES]","Rmk + Semelhante (BR, 1%)","Confiança não tem atalho",not_delivering,ad,"Clique de 7 dias ou visualização de 1 dia","Engajamentos com o post",30,35,1,0.00533333,0.16,–,–,–,35,4.57142857,,,,0,0,,,2026-06-25,2026-06-25
2026-06-25,"[V4] [ENG] [SEGUIDORES]","Rmk + Semelhante (BR, 1%)","Confiança não tem atalho",active,ad,"Clique de 7 dias ou visualização de 1 dia","Engajamentos com o post",673,961,1.02185224,0.00830609,5.59,–,–,–,982,5.69246436,,,,1,0.10183299,5.59,,2026-06-25,2026-06-25
2026-06-25,"[V4] [ENG] [SEGUIDORES]","Rmk + Semelhante (BR, 1%)","Há missões que vão muito",not_delivering,ad,"Clique de 7 dias ou visualização de 1 dia","Engajamentos com o post",747,1085,1.02119816,0.00773762,5.78,–,–,–,1108,5.2166065,,,,8,0.72202166,0.7225,,2026-06-25,2026-06-25
2026-06-25,"[V4] [ENG] [SEGUIDORES]","Rmk + Semelhante (BR, 1%)","Cada missão envolve muito",active,ad,"Clique de 7 dias ou visualização de 1 dia","Engajamentos com o post",491,1045,1,0.01949084,9.57,–,–,–,1045,9.15789474,,,,19,1.81818182,0.50368421,,2026-06-25,2026-06-25
2026-06-26,"[V4] [ENG] [SEGUIDORES]","Rmk + Semelhante (BR, 1%)","Cada missão envolve muito",active,ad,"Clique de 7 dias ou visualização de 1 dia","Engajamentos com o post",23,37,1,0.0226087,0.52,–,–,–,37,14.05405405,,,,0,0,,,2026-06-26,2026-06-26
2026-06-26,"[V4] [ENG] [SEGUIDORES]","Rmk + Semelhante (BR, 1%)","Há missões que vão muito",not_delivering,ad,"Clique de 7 dias ou visualização de 1 dia","Engajamentos com o post",148,204,1.00490196,0.00844595,1.25,–,–,–,205,6.09756098,,,,0,0,,,2026-06-26,2026-06-26
2026-06-26,"[V4] [ENG] [SEGUIDORES]","Rmk + Semelhante (BR, 1%)","Confiança não tem atalho",active,ad,"Clique de 7 dias ou visualização de 1 dia","Engajamentos com o post",141,199,1.00502513,0.00829787,1.17,–,–,–,200,5.85,,,,1,0.5,1.17,,2026-06-26,2026-06-26
2026-06-26,"[V4] [ENG] [SEGUIDORES]","Rmk + Semelhante (BR, 1%)","Confiança não tem atalho",not_delivering,ad,"Clique de 7 dias ou visualização de 1 dia","Engajamentos com o post",6,8,1,0.01,0.06,–,–,–,8,7.5,,,,0,0,,,2026-06-26,2026-06-26
2026-06-26,"[V4] [ENG] [SEGUIDORES]","Rmk + Semelhante (BR, 1%)","Há missões que vão muito",not_delivering,ad,"Clique de 7 dias ou visualização de 1 dia","Engajamentos com o post",455,663,1,0.00810989,3.69,–,–,–,663,5.56561086,,,,0,0,,,2026-06-26,2026-06-26
2026-07-08,"[V4] [ENG] [SEGUIDORES]","Rmk + Semelhante (BR, 1%)","Há missões que vão muito",not_delivering,ad,"Clique de 7 dias ou visualização de 1 dia","Engajamentos com o post",2095,3032,1,0.00645346,13.52,–,–,–,3032,4.4591029,,,,6,0.19788918,2.25333333,,2026-07-08,2026-07-08
2026-07-08,"[V4] [ENG] [SEGUIDORES]","Rmk + Semelhante (BR, 1%)","Confiança não tem atalho",not_delivering,ad,"Clique de 7 dias ou visualização de 1 dia","Engajamentos com o post",89,121,1.01652893,0.00640449,0.57,–,–,–,123,4.63414634,,,,1,0.81300813,0.57,,2026-07-08,2026-07-08
2026-07-08,"[V4] [ENG] [SEGUIDORES]","Rmk + Semelhante (BR, 1%)","Confiança não tem atalho",active,ad,"Clique de 7 dias ou visualização de 1 dia","Engajamentos com o post",595,1038,1,0.00984874,5.86,–,–,–,1038,5.64547206,,,,0,0,,,2026-07-08,2026-07-08
2026-07-08,"[V4] [ENG] [SEGUIDORES]","Rmk + Semelhante (BR, 1%)","Há missões que vão muito",not_delivering,ad,"Clique de 7 dias ou visualização de 1 dia","Engajamentos com o post",872,1225,1.02285714,0.00635321,5.54,–,–,–,1253,4.42138867,,,,1,0.07980846,5.54,,2026-07-08,2026-07-08
2026-07-08,"[V4] [ENG] [SEGUIDORES]","Rmk + Semelhante (BR, 1%)","Cada missão envolve muito",active,ad,"Clique de 7 dias ou visualização de 1 dia","Engajamentos com o post",158,244,1.01229508,0.01094937,1.73,–,–,–,247,7.00404858,,,,5,2.0242915,0.346,,2026-07-08,2026-07-08
2026-07-09,"[V4] [ENG] [SEGUIDORES]","Rmk + Semelhante (BR, 1%)","Cada missão envolve muito",active,ad,"Clique de 7 dias ou visualização de 1 dia","Engajamentos com o post",19,41,1,0.01894737,0.36,–,–,–,41,8.7804878,,,,0,0,,,2026-07-09,2026-07-09
2026-07-09,"[V4] [ENG] [SEGUIDORES]","Rmk + Semelhante (BR, 1%)","Há missões que vão muito",not_delivering,ad,"Clique de 7 dias ou visualização de 1 dia","Engajamentos com o post",1416,2112,1.00710227,0.00663842,9.4,"Acima da média","Na média","Acima da média",2127,4.41937,,,,7,0.32910202,1.34285714,,2026-07-09,2026-07-09
2026-07-09,"[V4] [ENG] [SEGUIDORES]","Rmk + Semelhante (BR, 1%)","Confiança não tem atalho",active,ad,"Clique de 7 dias ou visualização de 1 dia","Engajamentos com o post",1058,1664,1.0234375,0.00908318,9.61,"Acima da média","Na média","Na média",1703,5.64298297,,,,0,0,,,2026-07-09,2026-07-09
2026-07-09,"[V4] [ENG] [SEGUIDORES]","Rmk + Semelhante (BR, 1%)","Confiança não tem atalho",not_delivering,ad,"Clique de 7 dias ou visualização de 1 dia","Engajamentos com o post",135,178,1.01123596,0.00585185,0.79,–,–,–,180,4.38888889,,,,0,0,,,2026-07-09,2026-07-09
2026-07-09,"[V4] [ENG] [SEGUIDORES]","Rmk + Semelhante (BR, 1%)","Há missões que vão muito",not_delivering,ad,"Clique de 7 dias ou visualização de 1 dia","Engajamentos com o post",3900,5537,1.01535127,0.0059359,23.15,–,–,–,5622,4.11775169,,,,1,0.01778726,23.15,,2026-07-09,2026-07-09
2026-07-10,"[V4] [ENG] [SEGUIDORES]","Rmk + Semelhante (BR, 1%)","Há missões que vão muito",not_delivering,ad,"Clique de 7 dias ou visualização de 1 dia","Engajamentos com o post",3980,5634,1.02999645,0.00583417,23.22,–,–,–,5803,4.0013786,,,,6,0.1033948,3.87,,2026-07-10,2026-07-10
2026-07-10,"[V4] [ENG] [SEGUIDORES]","Rmk + Semelhante (BR, 1%)","Confiança não tem atalho",not_delivering,ad,"Clique de 7 dias ou visualização de 1 dia","Engajamentos com o post",19,24,1,0.00473684,0.09,–,–,–,24,3.75,,,,0,0,,,2026-07-10,2026-07-10
2026-07-10,"[V4] [ENG] [SEGUIDORES]","Rmk + Semelhante (BR, 1%)","Confiança não tem atalho",active,ad,"Clique de 7 dias ou visualização de 1 dia","Engajamentos com o post",1011,1638,1,0.00937685,9.48,"Acima da média","Na média","Na média",1638,5.78754579,,,,3,0.18315018,3.16,,2026-07-10,2026-07-10
2026-07-10,"[V4] [ENG] [SEGUIDORES]","Rmk + Semelhante (BR, 1%)","Há missões que vão muito",not_delivering,ad,"Clique de 7 dias ou visualização de 1 dia","Engajamentos com o post",1520,2264,1,0.00618421,9.4,"Acima da média","Na média","Acima da média",2264,4.15194346,,,,5,0.22084806,1.88,,2026-07-10,2026-07-10
2026-07-10,"[V4] [ENG] [SEGUIDORES]","Rmk + Semelhante (BR, 1%)","Cada missão envolve muito",active,ad,"Clique de 7 dias ou visualização de 1 dia","Engajamentos com o post",37,59,1,0.02594595,0.96,–,–,–,59,16.27118644,,,,0,0,,,2026-07-10,2026-07-10
2026-07-11,"[V4] [ENG] [SEGUIDORES]","Rmk + Semelhante (BR, 1%)","Cada missão envolve muito",active,ad,"Clique de 7 dias ou visualização de 1 dia","Engajamentos com o post",615,1108,1.00902527,0.01695935,10.43,–,–,–,1118,9.32915921,,,,21,1.8783542,0.49666667,,2026-07-11,2026-07-11
2026-07-11,"[V4] [ENG] [SEGUIDORES]","Rmk + Semelhante (BR, 1%)","Há missões que vão muito",not_delivering,ad,"Clique de 7 dias ou visualização de 1 dia","Engajamentos com o post",1638,2518,1.01747419,0.0060989,9.99,"Acima da média","Na média","Acima da média",2562,3.89929742,,,,2,0.07806401,4.995,,2026-07-11,2026-07-11
2026-07-11,"[V4] [ENG] [SEGUIDORES]","Rmk + Semelhante (BR, 1%)","Confiança não tem atalho",active,ad,"Clique de 7 dias ou visualização de 1 dia","Engajamentos com o post",1121,1728,1.03645833,0.00884924,9.92,"Acima da média","Na média","Na média",1791,5.53880514,,,,1,0.05583473,9.92,,2026-07-11,2026-07-11
2026-07-11,"[V4] [ENG] [SEGUIDORES]","Rmk + Semelhante (BR, 1%)","Confiança não tem atalho",not_delivering,ad,"Clique de 7 dias ou visualização de 1 dia","Engajamentos com o post",14,15,1,0.005,0.07,–,–,–,15,4.66666667,,,,0,0,,,2026-07-11,2026-07-11
2026-07-11,"[V4] [ENG] [SEGUIDORES]","Rmk + Semelhante (BR, 1%)","Há missões que vão muito",not_delivering,ad,"Clique de 7 dias ou visualização de 1 dia","Engajamentos com o post",4668,6910,1,0.00550343,25.69,–,–,–,6910,3.71780029,,,,9,0.13024602,2.85444444,,2026-07-11,2026-07-11
2026-07-12,"[V4] [ENG] [SEGUIDORES]","Rmk + Semelhante (BR, 1%)","Há missões que vão muito",not_delivering,ad,"Clique de 7 dias ou visualização de 1 dia","Engajamentos com o post",2995,4345,1.0264672,0.00536561,16.07,–,–,–,4460,3.60313901,,,,7,0.15695067,2.29571429,,2026-07-12,2026-07-12
2026-07-12,"[V4] [ENG] [SEGUIDORES]","Rmk + Semelhante (BR, 1%)","Confiança não tem atalho",not_delivering,ad,"Clique de 7 dias ou visualização de 1 dia","Engajamentos com o post",20,27,1,0.005,0.1,–,–,–,27,3.7037037,,,,2,7.40740741,0.05,,2026-07-12,2026-07-12
2026-07-12,"[V4] [ENG] [SEGUIDORES]","Rmk + Semelhante (BR, 1%)","Confiança não tem atalho",active,ad,"Clique de 7 dias ou visualização de 1 dia","Engajamentos com o post",1030,1432,1.06075419,0.00684466,7.05,"Acima da média","Na média","Na média",1519,4.64121132,,,,2,0.13166557,3.525,,2026-07-12,2026-07-12
2026-07-12,"[V4] [ENG] [SEGUIDORES]","Rmk + Semelhante (BR, 1%)","Há missões que vão muito",not_delivering,ad,"Clique de 7 dias ou visualização de 1 dia","Engajamentos com o post",1194,1861,1,0.00556114,6.64,"Acima da média","Na média","Acima da média",1861,3.56797421,,,,2,0.1074691,3.32,,2026-07-12,2026-07-12
2026-07-12,"[V4] [ENG] [SEGUIDORES]","Rmk + Semelhante (BR, 1%)","Cada missão envolve muito",active,ad,"Clique de 7 dias ou visualização de 1 dia","Engajamentos com o post",93,157,1,0.0116129,1.08,–,–,–,157,6.87898089,,,,3,1.91082803,0.36,,2026-07-12,2026-07-12
2026-07-13,"[V4] [ENG] [SEGUIDORES]","Rmk + Semelhante (BR, 1%)","Cada missão envolve muito",active,ad,"Clique de 7 dias ou visualização de 1 dia","Engajamentos com o post",159,243,1,0.04893082,7.78,–,–,–,243,32.01646091,,,,2,0.82304527,3.89,,2026-07-13,2026-07-13
2026-07-13,"[V4] [ENG] [SEGUIDORES]","Rmk + Semelhante (BR, 1%)","Há missões que vão muito",not_delivering,ad,"Clique de 7 dias ou visualização de 1 dia","Engajamentos com o post",1085,1664,1,0.00546544,5.93,"Acima da média","Na média","Acima da média",1664,3.56370192,,,,6,0.36057692,0.98833333,,2026-07-13,2026-07-13
2026-07-13,"[V4] [ENG] [SEGUIDORES]","Rmk + Semelhante (BR, 1%)","Confiança não tem atalho",active,ad,"Clique de 7 dias ou visualização de 1 dia","Engajamentos com o post",1023,1462,1.03009576,0.00619746,6.34,"Acima da média","Na média","Na média",1506,4.20982736,,,,2,0.13280212,3.17,,2026-07-13,2026-07-13
2026-07-13,"[V4] [ENG] [SEGUIDORES]","Rmk + Semelhante (BR, 1%)","Confiança não tem atalho",not_delivering,ad,"Clique de 7 dias ou visualização de 1 dia","Engajamentos com o post",39,48,1.04166667,0.00461538,0.18,–,–,–,50,3.6,,,,0,0,,,2026-07-13,2026-07-13
2026-07-13,"[V4] [ENG] [SEGUIDORES]","Rmk + Semelhante (BR, 1%)","Há missões que vão muito",not_delivering,ad,"Clique de 7 dias ou visualização de 1 dia","Engajamentos com o post",2905,4221,1.02463871,0.00513941,14.93,–,–,–,4325,3.45202312,,,,8,0.1849711,1.86625,,2026-07-13,2026-07-13
2026-07-14,"[V4] [ENG] [SEGUIDORES]","Rmk + Semelhante (BR, 1%)","Há missões que vão muito",not_delivering,ad,"Clique de 7 dias ou visualização de 1 dia","Engajamentos com o post",2432,3663,1.02784603,0.00495888,12.06,–,–,–,3765,3.20318725,,,,3,0.07968127,4.02,,2026-07-14,2026-07-14
2026-07-14,"[V4] [ENG] [SEGUIDORES]","Rmk + Semelhante (BR, 1%)","Confiança não tem atalho",not_delivering,ad,"Clique de 7 dias ou visualização de 1 dia","Engajamentos com o post",398,520,1.01153846,0.00487437,1.94,–,–,–,526,3.68821293,,,,2,0.38022814,0.97,,2026-07-14,2026-07-14
2026-07-14,"[V4] [ENG] [SEGUIDORES]","Rmk + Semelhante (BR, 1%)","Confiança não tem atalho",active,ad,"Clique de 7 dias ou visualização de 1 dia","Engajamentos com o post",1020,1693,1.00590667,0.0057549,5.87,–,–,–,1703,3.44685849,,,,1,0.05871991,5.87,,2026-07-14,2026-07-14
2026-07-14,"[V4] [ENG] [SEGUIDORES]","Rmk + Semelhante (BR, 1%)","Há missões que vão muito",not_delivering,ad,"Clique de 7 dias ou visualização de 1 dia","Engajamentos com o post",1253,2069,1.00048333,0.00475658,5.96,–,–,–,2070,2.87922705,,,,2,0.09661836,2.98,,2026-07-14,2026-07-14
2026-07-14,"[V4] [ENG] [SEGUIDORES]","Rmk + Semelhante (BR, 1%)","Cada missão envolve muito",active,ad,"Clique de 7 dias ou visualização de 1 dia","Engajamentos com o post",338,550,1.00181818,0.0193787,6.55,–,–,–,551,11.88747731,,,,12,2.17785844,0.54583333,,2026-07-14,2026-07-14
2026-07-15,"[V4] [ENG] [SEGUIDORES]","Rmk + Semelhante (BR, 1%)","Cada missão envolve muito",active,ad,"Clique de 7 dias ou visualização de 1 dia","Engajamentos com o post",119,192,1,0.0394958,4.7,–,–,–,192,24.47916667,,,,4,2.08333333,1.175,,2026-07-15,2026-07-15
2026-07-15,"[V4] [ENG] [SEGUIDORES]","Rmk + Semelhante (BR, 1%)","Há missões que vão muito",not_delivering,ad,"Clique de 7 dias ou visualização de 1 dia","Engajamentos com o post",1055,1742,1.00172216,0.0051564,5.44,–,–,–,1745,3.11747851,,,,4,0.22922636,1.36,,2026-07-15,2026-07-15
2026-07-15,"[V4] [ENG] [SEGUIDORES]","Rmk + Semelhante (BR, 1%)","Confiança não tem atalho",active,ad,"Clique de 7 dias ou visualização de 1 dia","Engajamentos com o post",869,1382,1.01085384,0.00631761,5.49,"Acima da média","Na média","Na média",1397,3.92984968,,,,1,0.07158196,5.49,,2026-07-15,2026-07-15
2026-07-15,"[V4] [ENG] [SEGUIDORES]","Rmk + Semelhante (BR, 1%)","Confiança não tem atalho",not_delivering,ad,"Clique de 7 dias ou visualização de 1 dia","Engajamentos com o post",402,568,1.03521127,0.00527363,2.12,–,–,–,588,3.60544218,,,,1,0.17006803,2.12,,2026-07-15,2026-07-15
2026-07-15,"[V4] [ENG] [SEGUIDORES]","Rmk + Semelhante (BR, 1%)","Há missões que vão muito",not_delivering,ad,"Clique de 7 dias ou visualização de 1 dia","Engajamentos com o post",2417,3806,1,0.00498966,12.06,–,–,–,3806,3.16868103,,,,3,0.07882291,4.02,,2026-07-15,2026-07-15
2026-07-16,"[V4] [ENG] [SEGUIDORES]","Rmk + Semelhante (BR, 1%)","Há missões que vão muito",not_delivering,ad,"Clique de 7 dias ou visualização de 1 dia","Engajamentos com o post",2190,3239,1.02130287,0.00572146,12.53,–,–,–,3308,3.78778718,,,,5,0.15114873,2.506,,2026-07-16,2026-07-16
2026-07-16,"[V4] [ENG] [SEGUIDORES]","Rmk + Semelhante (BR, 1%)","Confiança não tem atalho",not_delivering,ad,"Clique de 7 dias ou visualização de 1 dia","Engajamentos com o post",466,649,1.02619414,0.00542918,2.53,–,–,–,666,3.7987988,,,,1,0.15015015,2.53,,2026-07-16,2026-07-16
2026-07-16,"[V4] [ENG] [SEGUIDORES]","Rmk + Semelhante (BR, 1%)","Confiança não tem atalho",active,ad,"Clique de 7 dias ou visualização de 1 dia","Engajamentos com o post",800,1305,1.0137931,0.0075375,6.03,"Acima da média","Na média","Na média",1323,4.55782313,,,,0,0,,,2026-07-16,2026-07-16
2026-07-16,"[V4] [ENG] [SEGUIDORES]","Rmk + Semelhante (BR, 1%)","Há missões que vão muito",not_delivering,ad,"Clique de 7 dias ou visualização de 1 dia","Engajamentos com o post",1047,1690,1,0.00587393,6.15,–,–,–,1690,3.63905325,,,,3,0.17751479,2.05,,2026-07-16,2026-07-16
2026-07-16,"[V4] [ENG] [SEGUIDORES]","Rmk + Semelhante (BR, 1%)","Cada missão envolve muito",active,ad,"Clique de 7 dias ou visualização de 1 dia","Engajamentos com o post",70,96,1,0.04328571,3.03,–,–,–,96,31.5625,,,,2,2.08333333,1.515,,2026-07-16,2026-07-16
2026-07-17,"[V4] [ENG] [SEGUIDORES]","Rmk + Semelhante (BR, 1%)","Cada missão envolve muito",active,ad,"Clique de 7 dias ou visualização de 1 dia","Engajamentos com o post",947,1816,1,0.01847941,17.5,–,–,–,1816,9.63656388,,,,52,2.86343612,0.33653846,,2026-07-17,2026-07-17
2026-07-17,"[V4] [ENG] [SEGUIDORES]","Rmk + Semelhante (BR, 1%)","Há missões que vão muito",not_delivering,ad,"Clique de 7 dias ou visualização de 1 dia","Engajamentos com o post",1069,1704,1.00469484,0.0067072,7.17,"Acima da média","Na média","Acima da média",1712,4.18808411,,,,3,0.17523364,2.39,,2026-07-17,2026-07-17
2026-07-17,"[V4] [ENG] [SEGUIDORES]","Rmk + Semelhante (BR, 1%)","Confiança não tem atalho",active,ad,"Clique de 7 dias ou visualização de 1 dia","Engajamentos com o post",942,1376,1.0181686,0.00740977,6.98,"Acima da média","Na média","Acima da média",1401,4.9821556,,,,1,0.07137759,6.98,,2026-07-17,2026-07-17
2026-07-17,"[V4] [ENG] [SEGUIDORES]","Rmk + Semelhante (BR, 1%)","Confiança não tem atalho",not_delivering,ad,"Clique de 7 dias ou visualização de 1 dia","Engajamentos com o post",176,223,1.00896861,0.00539773,0.95,–,–,–,225,4.22222222,,,,0,0,,,2026-07-17,2026-07-17
2026-07-17,"[V4] [ENG] [SEGUIDORES]","Rmk + Semelhante (BR, 1%)","Há missões que vão muito",not_delivering,ad,"Clique de 7 dias ou visualização de 1 dia","Engajamentos com o post",746,1121,1.00713649,0.00647453,4.83,–,–,–,1129,4.27812223,,,,1,0.08857396,4.83,,2026-07-17,2026-07-17
2026-07-18,"[V4] [ENG] [SEGUIDORES]","Rmk + Semelhante (BR, 1%)","Confiança não tem atalho",active,ad,"Clique de 7 dias ou visualização de 1 dia","Engajamentos com o post",1293,1872,1.02029915,0.00686002,8.87,"Acima da média","Na média","Na média",1910,4.64397906,,,,4,0.20942408,2.2175,,2026-07-18,2026-07-18
2026-07-18,"[V4] [ENG] [SEGUIDORES]","Rmk + Semelhante (BR, 1%)","Há missões que vão muito",not_delivering,ad,"Clique de 7 dias ou visualização de 1 dia","Engajamentos com o post",1454,2292,1,0.00593535,8.63,"Acima da média","Na média","Acima da média",2292,3.76527051,,,,2,0.08726003,4.315,,2026-07-18,2026-07-18
2026-07-18,"[V4] [ENG] [SEGUIDORES]","Rmk + Semelhante (BR, 1%)","Cada missão envolve muito",active,ad,"Clique de 7 dias ou visualização de 1 dia","Engajamentos com o post",211,328,1.0304878,0.01867299,3.94,–,–,–,338,11.65680473,,,,11,3.25443787,0.35818182,,2026-07-18,2026-07-18
2026-07-19,"[V4] [ENG] [SEGUIDORES]","Rmk + Semelhante (BR, 1%)","Confiança não tem atalho",active,ad,"Clique de 7 dias ou visualização de 1 dia","Engajamentos com o post",1707,2572,1.03732504,0.00663738,11.33,"Acima da média","Na média","Na média",2668,4.24662669,,,,5,0.1874063,2.266,,2026-07-19,2026-07-19
2026-07-19,"[V4] [ENG] [SEGUIDORES]","Rmk + Semelhante (BR, 1%)","Há missões que vão muito",not_delivering,ad,"Clique de 7 dias ou visualização de 1 dia","Engajamentos com o post",1920,3084,1,0.00579167,11.12,"Acima da média","Na média","Acima da média",3084,3.60570687,,,,3,0.09727626,3.70666667,,2026-07-19,2026-07-19
2026-07-19,"[V4] [ENG] [SEGUIDORES]","Rmk + Semelhante (BR, 1%)","Cada missão envolve muito",active,ad,"Clique de 7 dias ou visualização de 1 dia","Engajamentos com o post",32,47,1,0.0140625,0.45,–,–,–,47,9.57446809,,,,3,6.38297872,0.15,,2026-07-19,2026-07-19
2026-07-20,"[V4] [ENG] [SEGUIDORES]","Rmk + Semelhante (BR, 1%)","Cada missão envolve muito",active,ad,"Clique de 7 dias ou visualização de 1 dia","Engajamentos com o post",330,484,1,0.01615152,5.33,–,–,–,484,11.01239669,,,,11,2.27272727,0.48454545,,2026-07-20,2026-07-20
2026-07-20,"[V4] [ENG] [SEGUIDORES]","Rmk + Semelhante (BR, 1%)","Há missões que vão muito",not_delivering,ad,"Clique de 7 dias ou visualização de 1 dia","Engajamentos com o post",1740,2756,1,0.00582184,10.13,"Acima da média","Na média","Acima da média",2756,3.67561684,,,,6,0.21770682,1.68833333,,2026-07-20,2026-07-20
2026-07-20,"[V4] [ENG] [SEGUIDORES]","Rmk + Semelhante (BR, 1%)","Confiança não tem atalho",active,ad,"Clique de 7 dias ou visualização de 1 dia","Engajamentos com o post",1619,2429,1.0205846,0.00660284,10.69,"Acima da média","Na média","Acima da média",2479,4.31222267,,,,2,0.08067769,5.345,,2026-07-20,2026-07-20
2026-07-21,"[V4] [ENG] [SEGUIDORES]","Rmk + Semelhante (BR, 1%)","Confiança não tem atalho",active,ad,"Clique de 7 dias ou visualização de 1 dia","Engajamentos com o post",1481,2152,1.01486989,0.00652262,9.66,"Acima da média","Na média","Na média",2184,4.42307692,,,,3,0.13736264,3.22,,2026-07-21,2026-07-21
2026-07-21,"[V4] [ENG] [SEGUIDORES]","Rmk + Semelhante (BR, 1%)","Há missões que vão muito",not_delivering,ad,"Clique de 7 dias ou visualização de 1 dia","Engajamentos com o post",1689,2617,1.00726022,0.00584962,9.88,"Acima da média","Na média","Acima da média",2636,3.74810319,,,,1,0.03793627,9.88,,2026-07-21,2026-07-21
2026-07-21,"[V4] [ENG] [SEGUIDORES]","Rmk + Semelhante (BR, 1%)","Cada missão envolve muito",active,ad,"Clique de 7 dias ou visualização de 1 dia","Engajamentos com o post",28,38,1,0.01357143,0.38,–,–,–,38,10,,,,2,5.26315789,0.19,,2026-07-21,2026-07-21
2026-07-22,"[V4] [ENG] [SEGUIDORES]","Rmk + Semelhante (BR, 1%)","Confiança não tem atalho",active,ad,"Clique de 7 dias ou visualização de 1 dia","Engajamentos com o post",1328,2048,1,0.00708584,9.41,"Acima da média","Na média","Acima da média",2048,4.59472656,,,,3,0.14648438,3.13666667,,2026-07-22,2026-07-22
2026-07-22,"[V4] [ENG] [SEGUIDORES]","Rmk + Semelhante (BR, 1%)","Há missões que vão muito",not_delivering,ad,"Clique de 7 dias ou visualização de 1 dia","Engajamentos com o post",1509,2381,1,0.00616965,9.31,"Acima da média","Na média","Acima da média",2381,3.9101218,,,,2,0.08399832,4.655,,2026-07-22,2026-07-22
2026-07-22,"[V4] [ENG] [SEGUIDORES]","Rmk + Semelhante (BR, 1%)","Cada missão envolve muito",active,ad,"Clique de 7 dias ou visualização de 1 dia","Engajamentos com o post",452,702,1.0014245,0.01400442,6.33,–,–,–,703,9.00426743,,,,14,1.99146515,0.45214286,,2026-07-22,2026-07-22
2026-07-23,"[V4] [ENG] [SEGUIDORES]","Rmk + Semelhante (BR, 1%)","Cada missão envolve muito",active,ad,"Clique de 7 dias ou visualização de 1 dia","Engajamentos com o post",49,82,1,0.02326531,1.14,–,–,–,82,13.90243902,,,,1,1.2195122,1.14,,2026-07-23,2026-07-23
2026-07-23,"[V4] [ENG] [SEGUIDORES]","Rmk + Semelhante (BR, 1%)","Há missões que vão muito",not_delivering,ad,"Clique de 7 dias ou visualização de 1 dia","Engajamentos com o post",1566,2334,1.03856041,0.00624521,9.78,"Acima da média","Na média","Acima da média",2424,4.03465347,,,,4,0.1650165,2.445,,2026-07-23,2026-07-23
2026-07-23,"[V4] [ENG] [SEGUIDORES]","Rmk + Semelhante (BR, 1%)","Confiança não tem atalho",active,ad,"Clique de 7 dias ou visualização de 1 dia","Engajamentos com o post",1371,2076,1.00096339,0.00713348,9.78,"Acima da média","Na média","Acima da média",2078,4.70644851,,,,6,0.28873917,1.63,,2026-07-23,2026-07-23
2026-07-24,"[V4] [ENG] [SEGUIDORES]","Rmk + Semelhante (BR, 1%)","Confiança não tem atalho",active,ad,"Clique de 7 dias ou visualização de 1 dia","Engajamentos com o post",1292,1872,1.00053419,0.00731424,9.45,"Acima da média","Na média","Acima da média",1873,5.04538174,,,,4,0.21356113,2.3625,,2026-07-24,2026-07-24
2026-07-24,"[V4] [ENG] [SEGUIDORES]","Rmk + Semelhante (BR, 1%)","Há missões que vão muito",not_delivering,ad,"Clique de 7 dias ou visualização de 1 dia","Engajamentos com o post",1507,2340,1,0.00652953,9.84,"Acima da média","Na média","Acima da média",2340,4.20512821,,,,1,0.04273504,9.84,,2026-07-24,2026-07-24
2026-07-24,"[V4] [ENG] [SEGUIDORES]","Rmk + Semelhante (BR, 1%)","Cada missão envolve muito",active,ad,"Clique de 7 dias ou visualização de 1 dia","Engajamentos com o post",23,47,1,0.03304348,0.76,–,–,–,47,16.17021277,,,,0,0,,,2026-07-24,2026-07-24
2026-07-25,"[V4] [ENG] [SEGUIDORES]","Rmk + Semelhante (BR, 1%)","Confiança não tem atalho",active,ad,"Clique de 7 dias ou visualização de 1 dia","Engajamentos com o post",1181,1835,1,0.00781541,9.23,"Acima da média","Na média","Acima da média",1835,5.02997275,,,,4,0.21798365,2.3075,,2026-07-25,2026-07-25
2026-07-25,"[V4] [ENG] [SEGUIDORES]","Rmk + Semelhante (BR, 1%)","Há missões que vão muito",not_delivering,ad,"Clique de 7 dias ou visualização de 1 dia","Engajamentos com o post",1483,2300,1.00304348,0.00640593,9.5,"Acima da média","Na média","Acima da média",2307,4.11790204,,,,4,0.17338535,2.375,,2026-07-25,2026-07-25
2026-07-25,"[V4] [ENG] [SEGUIDORES]","Rmk + Semelhante (BR, 1%)","Cada missão envolve muito",active,ad,"Clique de 7 dias ou visualização de 1 dia","Engajamentos com o post",96,151,1,0.02802083,2.69,–,–,–,151,17.81456954,,,,1,0.66225166,2.69,,2026-07-25,2026-07-25
2026-07-26,"[V4] [ENG] [SEGUIDORES]","Rmk + Semelhante (BR, 1%)","Confiança não tem atalho",active,ad,"Clique de 7 dias ou visualização de 1 dia","Engajamentos com o post",1435,2196,1.02959927,0.00761672,10.93,"Acima da média","Na média","Acima da média",2261,4.83414418,,,,4,0.17691287,2.7325,,2026-07-26,2026-07-26
2026-07-26,"[V4] [ENG] [SEGUIDORES]","Rmk + Semelhante (BR, 1%)","Há missões que vão muito",not_delivering,ad,"Clique de 7 dias ou visualização de 1 dia","Engajamentos com o post",1837,2937,1.0102145,0.0059227,10.88,"Acima da média","Na média","Acima da média",2967,3.66700371,,,,5,0.16852039,2.176,,2026-07-26,2026-07-26
2026-07-26,"[V4] [ENG] [SEGUIDORES]","Rmk + Semelhante (BR, 1%)","Cada missão envolve muito",active,ad,"Clique de 7 dias ou visualização de 1 dia","Engajamentos com o post",42,81,1,0.02928571,1.23,–,–,–,81,15.18518519,,,,0,0,,,2026-07-26,2026-07-26
2026-07-27,"[V4] [ENG] [SEGUIDORES]","Rmk + Semelhante (BR, 1%)","Cada trasferencia e uma vida",active,ad,"Clique de 7 dias ou visualização de 1 dia",Interações,65,2096,1.04818702,0.09538462,6.2,"Acima da média","Na média","Abaixo da média – 35% mais baixos dos anúncios",2197,2.82203004,4,1.55,0.18206645,9,0.40964952,0.68888889,,2026-07-27,2026-07-27
2026-07-27,"[V4] [ENG] [SEGUIDORES]","Rmk + Semelhante (BR, 1%)","Há missões que vão muito",not_delivering,ad,"Clique de 7 dias ou visualização de 1 dia","Engajamentos com o post",359,585,1.01025641,0.0064624,2.32,–,–,–,591,3.92554992,,,,0,0,,,2026-07-27,2026-07-27
2026-07-27,"[V4] [ENG] [SEGUIDORES]","Rmk + Semelhante (BR, 1%)","Cada missão envolve muito",active,ad,"Clique de 7 dias ou visualização de 1 dia","Engajamentos com o post",643,1095,1.00182648,0.02174184,13.98,–,–,–,1097,12.74384686,,,,32,2.91704649,0.436875,,2026-07-27,2026-07-27
2026-07-27,"[V4] [ENG] [SEGUIDORES]","Rmk + Semelhante (BR, 1%)","Confiança não tem atalho",active,ad,"Clique de 7 dias ou visualização de 1 dia","Engajamentos com o post",1352,1974,1.04305978,0.00764793,10.34,"Acima da média","Na média","Acima da média",2059,5.02185527,,,,2,0.09713453,5.17,,2026-07-27,2026-07-27
2026-07-28,"[V4] [ENG] [SEGUIDORES]","Rmk + Semelhante (BR, 1%)","Confiança não tem atalho",active,ad,"Clique de 7 dias ou visualização de 1 dia","Engajamentos com o post",1014,1624,1,0.00852071,8.64,"Acima da média","Na média","Acima da média",1624,5.32019704,,,,2,0.12315271,4.32,,2026-07-28,2026-07-28
2026-07-28,"[V4] [ENG] [SEGUIDORES]","Rmk + Semelhante (BR, 1%)","Cada missão envolve muito",active,ad,"Clique de 7 dias ou visualização de 1 dia","Engajamentos com o post",35,56,1,0.01914286,0.67,–,–,–,56,11.96428571,,,,1,1.78571429,0.67,,2026-07-28,2026-07-28
2026-07-28,"[V4] [ENG] [SEGUIDORES]","Rmk + Semelhante (BR, 1%)","Cada trasferencia e uma vida",active,ad,"Clique de 7 dias ou visualização de 1 dia",Interações,94,2664,1.03903904,0.09702128,9.12,"Acima da média","Na média","Abaixo da média – 35% mais baixos dos anúncios",2768,3.29479769,1,9.12,0.03612717,6,0.21676301,1.52,,2026-07-28,2026-07-28
2026-07-29,"[V4] [ENG] [SEGUIDORES]","Rmk + Semelhante (BR, 1%)","Confiança não tem atalho",active,ad,"Clique de 7 dias ou visualização de 1 dia","Engajamentos com o post",1499,2305,1.03904555,0.00837892,12.56,"Acima da média","Na média","Acima da média",2395,5.24425887,,,,3,0.12526096,4.18666667,,2026-07-29,2026-07-29
2026-07-29,"[V4] [ENG] [SEGUIDORES]","Rmk + Semelhante (BR, 1%)","Cada missão envolve muito",active,ad,"Clique de 7 dias ou visualização de 1 dia","Engajamentos com o post",24,43,1,0.02916667,0.7,–,–,–,43,16.27906977,,,,2,4.65116279,0.35,,2026-07-29,2026-07-29
2026-07-29,"[V4] [ENG] [SEGUIDORES]","Rmk + Semelhante (BR, 1%)","Cada trasferencia e uma vida",active,ad,"Clique de 7 dias ou visualização de 1 dia",Interações,117,3161,1.07118001,0.09290598,10.87,"Acima da média","Na média","Abaixo da média – 35% mais baixos dos anúncios",3386,3.21027761,3,3.62333333,0.08860012,9,0.26580035,1.20777778,,2026-07-29,2026-07-29
2026-07-30,"[V4] [ENG] [SEGUIDORES]","Rmk + Semelhante (BR, 1%)","Cada trasferencia e uma vida",active,ad,"Clique de 7 dias ou visualização de 1 dia",Interações,132,3405,1.04464023,0.08909091,11.76,"Acima da média","Na média","Abaixo da média – 35% mais baixos dos anúncios",3557,3.30615687,3,3.92,0.08434074,11,0.30924937,1.06909091,,2026-07-30,2026-07-30
2026-07-30,"[V4] [ENG] [SEGUIDORES]","Rmk + Semelhante (BR, 1%)","Cada missão envolve muito",active,ad,"Clique de 7 dias ou visualização de 1 dia","Engajamentos com o post",34,64,1,0.04058824,1.38,–,–,–,64,21.5625,,,,0,0,,,2026-07-30,2026-07-30
2026-07-30,"[V4] [ENG] [SEGUIDORES]","Rmk + Semelhante (BR, 1%)","Confiança não tem atalho",active,ad,"Clique de 7 dias ou visualização de 1 dia","Engajamentos com o post",1107,1735,1.03170029,0.00833785,9.23,"Acima da média","Na média","Acima da média",1790,5.15642458,,,,5,0.27932961,1.846,,2026-07-30,2026-07-30
2026-07-31,"[V4] [ENG] [SEGUIDORES]","Rmk + Semelhante (BR, 1%)","Confiança não tem atalho",active,ad,"Clique de 7 dias ou visualização de 1 dia","Engajamentos com o post",1271,1913,1,0.00730134,9.28,"Acima da média","Na média","Acima da média",1913,4.85101934,,,,5,0.26136958,1.856,,2026-07-31,2026-07-31
2026-07-31,"[V4] [ENG] [SEGUIDORES]","Rmk + Semelhante (BR, 1%)","Cada missão envolve muito",active,ad,"Clique de 7 dias ou visualização de 1 dia","Engajamentos com o post",483,763,1,0.02403727,11.61,–,–,–,763,15.21625164,,,,9,1.17955439,1.29,,2026-07-31,2026-07-31
2026-07-31,"[V4] [ENG] [SEGUIDORES]","Rmk + Semelhante (BR, 1%)","Cada trasferencia e uma vida",active,ad,"Clique de 7 dias ou visualização de 1 dia",Interações,76,2597,1.02464382,0.10736842,8.16,"Acima da média","Na média","Abaixo da média – 35% mais baixos dos anúncios",2661,3.06651635,1,8.16,0.03757986,6,0.22547914,1.36,,2026-07-31,2026-07-31
2026-08-01,"[V4] [ENG] [SEGUIDORES]","Rmk + Semelhante (BR, 1%)","Confiança não tem atalho",active,ad,"Clique de 7 dias ou visualização de 1 dia","Engajamentos com o post",1032,1659,1.00783605,0.00842054,8.69,–,–,–,1672,5.19736842,,,,3,0.17942584,2.89666667,,2026-08-01,2026-08-01
2026-08-01,"[V4] [ENG] [SEGUIDORES]","Rmk + Semelhante (BR, 1%)","Cada missão envolve muito",active,ad,"Clique de 7 dias ou visualização de 1 dia","Engajamentos com o post",1134,1956,1.00562372,0.01478836,16.77,–,–,–,1967,8.52567361,,,,41,2.08439248,0.40902439,,2026-08-01,2026-08-01
2026-08-01,"[V4] [ENG] [SEGUIDORES]","Rmk + Semelhante (BR, 1%)","Cada trasferencia e uma vida",active,ad,"Clique de 7 dias ou visualização de 1 dia",Interações,90,2969,1.01751431,0.10177778,9.16,–,–,–,3021,3.03210857,3,3.05333333,0.09930487,9,0.2979146,1.01777778,,2026-08-01,2026-08-01
2026-08-02,"[V4] [ENG] [SEGUIDORES]","Rmk + Semelhante (BR, 1%)","Confiança não tem atalho",active,ad,"Clique de 7 dias ou visualização de 1 dia","Engajamentos com o post",1549,2429,1.03046521,0.00783731,12.14,–,–,–,2503,4.85017978,,,,6,0.23971235,2.02333333,,2026-08-02,2026-08-02
2026-08-02,"[V4] [ENG] [SEGUIDORES]","Rmk + Semelhante (BR, 1%)","Cada missão envolve muito",active,ad,"Clique de 7 dias ou visualização de 1 dia","Engajamentos com o post",282,478,1,0.02212766,6.24,–,–,–,478,13.05439331,,,,7,1.46443515,0.89142857,,2026-08-02,2026-08-02
2026-08-02,"[V4] [ENG] [SEGUIDORES]","Rmk + Semelhante (BR, 1%)","Cada trasferencia e uma vida",active,ad,"Clique de 7 dias ou visualização de 1 dia",Interações,144,4033,1.05727746,0.07840278,11.29,–,–,–,4264,2.64774859,2,5.645,0.04690432,9,0.21106942,1.25444444,,2026-08-02,2026-08-02
