Performance por Canal de venda - 01/03/2026 até 31/07/2026,,,,
Dia,Local de Pedidos,Quantidade de Pedidos,Valor,Porcentagem de Pedidos
02/03/2026,PARTICULAR,6,"160.823,77",75
02/03/2026,LOJA VIRTUAL,2,"968,92",25
03/03/2026,PARTICULAR,9,"7.730,24","81,82"
03/03/2026,LOJA VIRTUAL,1,"101,76","9,09"
03/03/2026,MERCADO LIVRE,1,"156,31","9,09"
04/03/2026,PARTICULAR,6,"8.069,58","66,67"
04/03/2026,LOJA VIRTUAL,2,"2.132,17","22,22"
04/03/2026,MERCADO LIVRE,1,"42,56","11,11"
05/03/2026,PARTICULAR,4,"5.280,99","57,14"
05/03/2026,MERCADO LIVRE,3,"979,22","42,86"
06/03/2026,PARTICULAR,2,"3.216,90",100
07/03/2026,MERCADO LIVRE,1,"136,41",100
08/03/2026,MERCADO LIVRE,1,"42,48",100
09/03/2026,PARTICULAR,8,"13.450,53",80
09/03/2026,LOJA VIRTUAL,2,"375,62",20
10/03/2026,PARTICULAR,7,"40.258,74","77,78"
10/03/2026,MAGAZINE LUIZA,1,"584,32","11,11"
10/03/2026,MERCADO LIVRE,1,"315,00","11,11"
11/03/2026,PARTICULAR,6,"16.645,47",75
11/03/2026,MERCADO LIVRE,2,"430,90",25
12/03/2026,PARTICULAR,9,"19.549,78","69,23"
12/03/2026,MERCADO LIVRE,4,"2.035,37","30,77"
13/03/2026,PARTICULAR,6,"8.524,91",100
14/03/2026,MERCADO LIVRE,1,"149,06",100
16/03/2026,PARTICULAR,6,"16.646,57","66,67"
16/03/2026,LOJA VIRTUAL,2,"707,68","22,22"
16/03/2026,MERCADO LIVRE,1,"166,76","11,11"
17/03/2026,PARTICULAR,9,"21.265,97",60
17/03/2026,LOJA VIRTUAL,3,"865,17",20
17/03/2026,MERCADO LIVRE,3,"1.794,99",20
18/03/2026,PARTICULAR,9,"8.363,97",100
19/03/2026,PARTICULAR,10,"10.058,54",100
20/03/2026,PARTICULAR,10,"9.072,04","90,91"
20/03/2026,LOJA VIRTUAL,1,"386,72","9,09"
21/03/2026,MERCADO LIVRE,2,"2.834,94",100
23/03/2026,PARTICULAR,5,"7.703,01","62,5"
23/03/2026,MERCADO LIVRE,2,"459,07",25
23/03/2026,LOJA VIRTUAL,1,"299,12","12,5"
24/03/2026,MERCADO LIVRE,5,"1.805,13","71,43"
24/03/2026,LOJA VIRTUAL,1,"2.087,21","14,29"
24/03/2026,PARTICULAR,1,"1.468,43","14,29"
25/03/2026,PARTICULAR,4,"7.193,10","66,67"
25/03/2026,LOJA VIRTUAL,1,"361,32","16,67"
25/03/2026,MERCADO LIVRE,1,"351,62","16,67"
26/03/2026,PARTICULAR,3,"5.942,37",50
26/03/2026,LOJA VIRTUAL,2,"719,65","33,33"
26/03/2026,MAGAZINE LUIZA,1,"167,71","16,67"
27/03/2026,PARTICULAR,5,"37.510,17",50
27/03/2026,LOJA VIRTUAL,3,"666,32",30
27/03/2026,MERCADO LIVRE,2,"245,39",20
28/03/2026,LOJA VIRTUAL,1,"2.349,16",100
30/03/2026,PARTICULAR,4,"9.880,96",100
31/03/2026,PARTICULAR,5,"9.019,85","62,5"
31/03/2026,MERCADO LIVRE,2,"1.034,12",25
31/03/2026,MAGAZINE LUIZA,1,"292,16","12,5"
01/04/2026,PARTICULAR,3,"1.220,59",75
01/04/2026,LOJA VIRTUAL,1,"93,68",25
02/04/2026,PARTICULAR,6,"7.586,85","85,71"
02/04/2026,LOJA VIRTUAL,1,"1.356,32","14,29"
04/04/2026,MERCADO LIVRE,1,"61,02",100
06/04/2026,PARTICULAR,7,"11.439,27","58,33"
06/04/2026,MERCADO LIVRE,4,"1.051,45","33,33"
06/04/2026,LOJA VIRTUAL,1,"622,94","8,33"
07/04/2026,PARTICULAR,16,"17.781,98","84,21"
07/04/2026,LOJA VIRTUAL,1,"228,04","5,26"
07/04/2026,MAGAZINE LUIZA,1,"163,27","5,26"
07/04/2026,MERCADO LIVRE,1,"351,62","5,26"
08/04/2026,PARTICULAR,9,"18.382,81",75
08/04/2026,LOJA VIRTUAL,2,"714,81","16,67"
08/04/2026,MERCADO LIVRE,1,"37,05","8,33"
09/04/2026,PARTICULAR,5,"11.342,55",100
10/04/2026,PARTICULAR,3,"39.692,00",50
10/04/2026,MERCADO LIVRE,2,"1.078,72","33,33"
10/04/2026,LOJA VIRTUAL,1,"246,27","16,67"
13/04/2026,PARTICULAR,2,"557,13",100
14/04/2026,PARTICULAR,6,"4.948,88","66,67"
14/04/2026,LOJA VIRTUAL,2,"4.050,43","22,22"
14/04/2026,MAGAZINE LUIZA,1,"117,64","11,11"
15/04/2026,PARTICULAR,10,"17.103,44","71,43"
15/04/2026,LOJA VIRTUAL,3,"3.030,94","21,43"
15/04/2026,MAGAZINE LUIZA,1,"152,27","7,14"
16/04/2026,PARTICULAR,7,"21.555,09","77,78"
16/04/2026,MERCADO LIVRE,2,"325,50","22,22"
17/04/2026,PARTICULAR,4,"10.436,25","57,14"
17/04/2026,MERCADO LIVRE,2,"215,20","28,57"
17/04/2026,LOJA VIRTUAL,1,"178,76","14,29"
20/04/2026,PARTICULAR,5,"11.753,83","83,33"
20/04/2026,LOJA VIRTUAL,1,"35,80","16,67"
21/04/2026,MERCADO LIVRE,1,"42,04",100
22/04/2026,PARTICULAR,4,"71.753,85","66,67"
22/04/2026,LOJA VIRTUAL,1,"1.372,14","16,67"
22/04/2026,MAGAZINE LUIZA,1,"162,75","16,67"
23/04/2026,PARTICULAR,6,"5.435,16",60
23/04/2026,LOJA VIRTUAL,3,"2.674,25",30
23/04/2026,MERCADO LIVRE,1,"2.620,99",10
24/04/2026,PARTICULAR,4,"7.921,00","66,67"
24/04/2026,LOJA VIRTUAL,1,"664,14","16,67"
24/04/2026,MERCADO LIVRE,1,"1.039,50","16,67"
27/04/2026,PARTICULAR,4,"86.619,09","66,67"
27/04/2026,MERCADO LIVRE,2,"78,14","33,33"
28/04/2026,PARTICULAR,7,"16.596,60","58,33"
28/04/2026,LOJA VIRTUAL,3,"843,11",25
28/04/2026,MERCADO LIVRE,2,"2.560,17","16,67"
29/04/2026,PARTICULAR,6,"6.010,76","85,71"
29/04/2026,MERCADO LIVRE,1,"221,31","14,29"
30/04/2026,LOJA VIRTUAL,4,"2.397,77","57,14"
30/04/2026,PARTICULAR,3,"5.140,24","42,86"
01/05/2026,LOJA VIRTUAL,1,"121,82",50
01/05/2026,MERCADO LIVRE,1,"41,23",50
04/05/2026,PARTICULAR,6,"10.481,45",100
05/05/2026,PARTICULAR,4,"7.771,77",80
05/05/2026,MERCADO LIVRE,1,"87,23",20
06/05/2026,LOJA VIRTUAL,4,"1.673,99",50
06/05/2026,MERCADO LIVRE,3,"3.232,83","37,5"
06/05/2026,PARTICULAR,1,"151,05","12,5"
07/05/2026,PARTICULAR,5,"1.335,65","62,5"
07/05/2026,LOJA VIRTUAL,2,"1.634,98",25
07/05/2026,MERCADO LIVRE,1,"71,88","12,5"
08/05/2026,PARTICULAR,5,"4.324,56","55,56"
08/05/2026,LOJA VIRTUAL,3,"3.801,19","33,33"
08/05/2026,MERCADO LIVRE,1,"351,62","11,11"
11/05/2026,PARTICULAR,5,"11.228,46","55,56"
11/05/2026,MERCADO LIVRE,3,"1.879,59","33,33"
11/05/2026,LOJA VIRTUAL,1,"127,20","11,11"
12/05/2026,PARTICULAR,7,"12.662,68","63,64"
12/05/2026,MERCADO LIVRE,3,"1.358,98","27,27"
12/05/2026,LOJA VIRTUAL,1,"303,17","9,09"
13/05/2026,PARTICULAR,6,"14.630,33","54,55"
13/05/2026,MERCADO LIVRE,3,"6.438,21","27,27"
13/05/2026,LOJA VIRTUAL,2,"2.626,14","18,18"
14/05/2026,PARTICULAR,3,"1.873,09",100
15/05/2026,PARTICULAR,1,"128,00",100
16/05/2026,MERCADO LIVRE,3,"119,03",75
16/05/2026,LOJA VIRTUAL,1,"124,51",25
18/05/2026,PARTICULAR,7,"18.849,87","58,33"
18/05/2026,LOJA VIRTUAL,3,"835,92",25
18/05/2026,MERCADO LIVRE,2,"2.334,71","16,67"
19/05/2026,PARTICULAR,4,"10.199,88","66,67"
19/05/2026,LOJA VIRTUAL,1,"53,65","16,67"
19/05/2026,MERCADO LIVRE,1,"54,93","16,67"
20/05/2026,PARTICULAR,4,"733,46",50
20/05/2026,MERCADO LIVRE,2,"1.551,23",25
20/05/2026,LOJA VIRTUAL,1,"229,77","12,5"
20/05/2026,MAGAZINE LUIZA,1,"791,76","12,5"
21/05/2026,PARTICULAR,5,"9.931,14","71,43"
21/05/2026,MERCADO LIVRE,2,"1.081,27","28,57"
22/05/2026,MERCADO LIVRE,5,"1.418,27",50
22/05/2026,PARTICULAR,4,"7.909,40",40
22/05/2026,LOJA VIRTUAL,1,"156,54",10
23/05/2026,MAGAZINE LUIZA,1,"21,48",50
23/05/2026,MERCADO LIVRE,1,"221,67",50
24/05/2026,LOJA VIRTUAL,2,"2.640,41",100
25/05/2026,PARTICULAR,8,"27.764,98","66,67"
25/05/2026,LOJA VIRTUAL,3,"999,16",25
25/05/2026,MERCADO LIVRE,1,"657,00","8,33"
26/05/2026,PARTICULAR,5,"7.447,60","71,43"
26/05/2026,MERCADO LIVRE,2,"402,59","28,57"
27/05/2026,PARTICULAR,9,"13.246,11","56,25"
27/05/2026,MERCADO LIVRE,7,"9.547,57","43,75"
28/05/2026,LOJA VIRTUAL,3,"3.137,50","33,33"
28/05/2026,MERCADO LIVRE,3,"297,47","33,33"
28/05/2026,PARTICULAR,3,"2.608,02","33,33"
29/05/2026,PARTICULAR,4,"20.882,36",100
31/05/2026,MERCADO LIVRE,1,"34,30",100
01/06/2026,PARTICULAR,4,"3.454,42",100
02/06/2026,MERCADO LIVRE,2,"937,56",40
02/06/2026,PARTICULAR,2,"4.793,35",40
02/06/2026,MAGAZINE LUIZA,1,"1.829,43",20
03/06/2026,LOJA VIRTUAL,2,"1.124,13",40
03/06/2026,PARTICULAR,2,"154.263,47",40
03/06/2026,MERCADO LIVRE,1,"223,85",20
04/06/2026,MERCADO LIVRE,4,"2.032,40",100
05/06/2026,PARTICULAR,3,"2.099,90",100
07/06/2026,MAGAZINE LUIZA,2,"2.258,93",100
08/06/2026,PARTICULAR,3,"4.410,87","37,5"
08/06/2026,LOJA VIRTUAL,2,"1.009,87",25
08/06/2026,MERCADO LIVRE,2,"413,07",25
08/06/2026,MAGAZINE LUIZA,1,"1.460,59","12,5"
09/06/2026,PARTICULAR,8,"51.846,46","66,67"
09/06/2026,MERCADO LIVRE,4,"2.804,14","33,33"
10/06/2026,PARTICULAR,6,"28.420,38",75
10/06/2026,MERCADO LIVRE,2,"267,98",25
11/06/2026,PARTICULAR,7,"145.678,10",50
11/06/2026,MERCADO LIVRE,6,"3.008,56","42,86"
11/06/2026,MAGAZINE LUIZA,1,"168,00","7,14"
12/06/2026,PARTICULAR,5,"2.532,58",100
14/06/2026,MERCADO LIVRE,1,"142,00",100
15/06/2026,MERCADO LIVRE,2,"230,68",40
15/06/2026,PARTICULAR,2,"1.353,05",40
15/06/2026,LOJA VIRTUAL,1,"371,62",20
16/06/2026,LOJA VIRTUAL,3,"1.400,36","42,86"
16/06/2026,PARTICULAR,3,"2.849,60","42,86"
16/06/2026,MERCADO LIVRE,1,"156,11","14,29"
17/06/2026,MERCADO LIVRE,1,"227,32",50
17/06/2026,PARTICULAR,1,"357,88",50
18/06/2026,MERCADO LIVRE,3,"1.854,19",50
18/06/2026,PARTICULAR,3,"2.137,54",50
19/06/2026,PARTICULAR,3,"30.730,00",50
19/06/2026,LOJA VIRTUAL,2,"410,10","33,33"
19/06/2026,MERCADO LIVRE,1,"156,11","16,67"
20/06/2026,MERCADO LIVRE,3,"805,86",100
22/06/2026,PARTICULAR,4,"29.835,76",50
22/06/2026,LOJA VIRTUAL,3,"1.065,08","37,5"
22/06/2026,MERCADO LIVRE,1,"165,03","12,5"
23/06/2026,PARTICULAR,4,"2.038,44","57,14"
23/06/2026,LOJA VIRTUAL,2,"171,10","28,57"
23/06/2026,MERCADO LIVRE,1,"1.157,19","14,29"
24/06/2026,PARTICULAR,6,"5.991,94","85,71"
24/06/2026,MERCADO LIVRE,1,"148,45","14,29"
25/06/2026,PARTICULAR,4,"1.937,31","66,67"
25/06/2026,LOJA VIRTUAL,2,"587,30","33,33"
26/06/2026,PARTICULAR,4,"8.825,71",50
26/06/2026,LOJA VIRTUAL,3,"1.946,58","37,5"
26/06/2026,MERCADO LIVRE,1,"128,17","12,5"
27/06/2026,MERCADO LIVRE,3,"690,80",100
29/06/2026,PARTICULAR,4,"3.982,64","57,14"
29/06/2026,LOJA VIRTUAL,1,"1.841,40","14,29"
29/06/2026,MAGAZINE LUIZA,1,"185,56","14,29"
29/06/2026,MERCADO LIVRE,1,"901,82","14,29"
30/06/2026,MERCADO LIVRE,3,"2.751,88",50
30/06/2026,PARTICULAR,3,"4.257,05",50
01/07/2026,MERCADO LIVRE,5,"2.716,09",50
01/07/2026,LOJA VIRTUAL,3,"12.370,81",30
01/07/2026,PARTICULAR,2,"3.965,72",20
02/07/2026,MERCADO LIVRE,5,"3.925,00","41,67"
02/07/2026,LOJA VIRTUAL,4,"8.060,09","33,33"
02/07/2026,PARTICULAR,3,"17.732,52",25
03/07/2026,MERCADO LIVRE,3,"2.511,60","42,86"
03/07/2026,PARTICULAR,3,"2.201,07","42,86"
03/07/2026,MAGAZINE LUIZA,1,"42,96","14,29"
04/07/2026,LOJA VIRTUAL,1,"3.033,47",100
05/07/2026,MAGAZINE LUIZA,1,"281,06",100
06/07/2026,MERCADO LIVRE,2,"391,06",50
06/07/2026,PARTICULAR,2,"36.685,00",50
07/07/2026,MERCADO LIVRE,5,"1.806,55","45,45"
07/07/2026,PARTICULAR,5,"5.603,13","45,45"
07/07/2026,LOJA VIRTUAL,1,"101,41","9,09"
08/07/2026,PARTICULAR,5,"7.561,86","45,45"
08/07/2026,MERCADO LIVRE,3,"2.981,12","27,27"
08/07/2026,LOJA VIRTUAL,2,"2.992,30","18,18"
08/07/2026,MAGAZINE LUIZA,1,"163,27","9,09"
09/07/2026,MERCADO LIVRE,2,"1.109,76",50
09/07/2026,LOJA VIRTUAL,1,"1.427,50",25
09/07/2026,MAGAZINE LUIZA,1,"283,65",25
10/07/2026,PARTICULAR,7,"27.790,67","87,5"
10/07/2026,MERCADO LIVRE,1,"87,41","12,5"
11/07/2026,MERCADO LIVRE,1,"1.155,35",100
13/07/2026,MERCADO LIVRE,5,"5.208,11","45,45"
13/07/2026,PARTICULAR,5,"13.687,41","45,45"
13/07/2026,LOJA VIRTUAL,1,"3.726,52","9,09"
14/07/2026,PARTICULAR,4,"6.400,66","57,14"
14/07/2026,LOJA VIRTUAL,3,"437,97","42,86"
15/07/2026,MERCADO LIVRE,4,"3.188,19","57,14"
15/07/2026,PARTICULAR,3,"10.731,90","42,86"
16/07/2026,PARTICULAR,6,"4.339,09","66,67"
16/07/2026,MERCADO LIVRE,2,"354,74","22,22"
16/07/2026,MAGAZINE LUIZA,1,"25,38","11,11"
17/07/2026,MERCADO LIVRE,2,"464,28",50
17/07/2026,LOJA VIRTUAL,1,"745,30",25
17/07/2026,PARTICULAR,1,"2.450,00",25
18/07/2026,MERCADO LIVRE,1,"40,92",100
19/07/2026,MERCADO LIVRE,1,"1.488,16",100
20/07/2026,PARTICULAR,4,"38.934,78",50
20/07/2026,LOJA VIRTUAL,2,"1.866,55",25
20/07/2026,MERCADO LIVRE,2,"107,40",25
21/07/2026,PARTICULAR,5,"11.837,06","71,43"
21/07/2026,LOJA VIRTUAL,1,"75,53","14,29"
21/07/2026,MERCADO LIVRE,1,"227,32","14,29"
22/07/2026,PARTICULAR,6,"26.596,66",60
22/07/2026,MERCADO LIVRE,2,"3.554,21",20
22/07/2026,LOJA VIRTUAL,1,"406,49",10
22/07/2026,MAGAZINE LUIZA,1,"80,07",10
23/07/2026,MERCADO LIVRE,4,"2.833,91",50
23/07/2026,PARTICULAR,2,"17.780,00",25
23/07/2026,LOJA VIRTUAL,1,"214,99","12,5"
23/07/2026,MAGAZINE LUIZA,1,"172,57","12,5"
24/07/2026,PARTICULAR,4,"30.410,76","57,14"
24/07/2026,LOJA VIRTUAL,2,"1.256,81","28,57"
24/07/2026,MERCADO LIVRE,1,"227,32","14,29"
25/07/2026,MERCADO LIVRE,1,"199,47",100
26/07/2026,MERCADO LIVRE,1,"162,75",100
27/07/2026,MERCADO LIVRE,3,"4.105,44","37,5"
27/07/2026,PARTICULAR,3,"49.750,00","37,5"
27/07/2026,LOJA VIRTUAL,2,"32.489,03",25
28/07/2026,PARTICULAR,4,"13.721,47","66,67"
28/07/2026,LOJA VIRTUAL,1,"179,44","16,67"
28/07/2026,MERCADO LIVRE,1,"4.952,99","16,67"
29/07/2026,PARTICULAR,2,"1334,78",100