Código,Nome do Produto,Referência,Preço,Quantidade,Variação 1,Variação 2
991,BICO CORTE FIBER LASER ORIGINAL RAYTOOLS SINGL DOUBL D32-H15,D32-H15,"1.000,00",31,SINGLE,"1,5"
991,BICO CORTE FIBER LASER ORIGINAL RAYTOOLS SINGL DOUBL D32-H15,D32-H15,"608,00",19,SINGLE,4
991,BICO CORTE FIBER LASER ORIGINAL RAYTOOLS SINGL DOUBL D32-H15,D32-H15,"512,00",16,SINGLE,"2,0"
991,BICO CORTE FIBER LASER ORIGINAL RAYTOOLS SINGL DOUBL D32-H15,D32-H15,"544,00",17,SINGLE,"1,2"
991,BICO CORTE FIBER LASER ORIGINAL RAYTOOLS SINGL DOUBL D32-H15,D32-H15,"320,00",10,DOUBLE,"2,5"
991,BICO CORTE FIBER LASER ORIGINAL RAYTOOLS SINGL DOUBL D32-H15,D32-H15,"1.056,00",33,DOUBLE,"3,0"
991,BICO CORTE FIBER LASER ORIGINAL RAYTOOLS SINGL DOUBL D32-H15,D32-H15,"256,00",8,DOUBLE,4
991,BICO CORTE FIBER LASER ORIGINAL RAYTOOLS SINGL DOUBL D32-H15,D32-H15,"160,00",5,DOUBLE,"1,0"
991,BICO CORTE FIBER LASER ORIGINAL RAYTOOLS SINGL DOUBL D32-H15,D32-H15,"288,00",9,SINGLE,1
991,BICO CORTE FIBER LASER ORIGINAL RAYTOOLS SINGL DOUBL D32-H15,D32-H15,"2.016,00",63,DOUBLE,"1,2"
991,BICO CORTE FIBER LASER ORIGINAL RAYTOOLS SINGL DOUBL D32-H15,D32-H15,"384,00",12,SINGLE,"2,5"
991,BICO CORTE FIBER LASER ORIGINAL RAYTOOLS SINGL DOUBL D32-H15,D32-H15,"192,00",6,SINGLE,"3,0"
991,BICO CORTE FIBER LASER ORIGINAL RAYTOOLS SINGL DOUBL D32-H15,D32-H15,"32,00",1,SINGLE,5
991,BICO CORTE FIBER LASER ORIGINAL RAYTOOLS SINGL DOUBL D32-H15,D32-H15,"736,00",23,DOUBLE,"1,5"
991,BICO CORTE FIBER LASER ORIGINAL RAYTOOLS SINGL DOUBL D32-H15,D32-H15,"544,00",17,DOUBLE,"2,0"
991,BICO CORTE FIBER LASER ORIGINAL RAYTOOLS SINGL DOUBL D32-H15,D32-H15,"32,00",1,DOUBLE,5
366,ADITIVO LASER SCRIPTOR METAL EM SPRAY GRAVAÇÃO CO2,ML-LS01,"16.951,45",87,,
979,LENTES AMERICANAS (II-VI) 20MM,7899765432155,"7.888,30",26,"63,5",
979,LENTES AMERICANAS (II-VI) 20MM,7899765432155,"14.434,90",48,"50,8",
979,LENTES AMERICANAS (II-VI) 20MM,7899765432155,"3.475,50",10,"100,1",
1001,SERVIÇO TÉCNICO,,"22.297,20",39,,
1272,BICO CORTE FIBER LASER ORIGINAL RAYTOOLS SINGL DOUBL D28M 11,Raytools,"32,00",1,SINGLE,6
1272,BICO CORTE FIBER LASER ORIGINAL RAYTOOLS SINGL DOUBL D28M 11,Raytools,"384,00",12,SINGLE,1
1272,BICO CORTE FIBER LASER ORIGINAL RAYTOOLS SINGL DOUBL D28M 11,Raytools,"384,00",12,SINGLE,"1,5"
1272,BICO CORTE FIBER LASER ORIGINAL RAYTOOLS SINGL DOUBL D28M 11,Raytools,"256,00",8,SINGLE,2
1272,BICO CORTE FIBER LASER ORIGINAL RAYTOOLS SINGL DOUBL D28M 11,Raytools,"256,00",8,SINGLE,"2,5"
1272,BICO CORTE FIBER LASER ORIGINAL RAYTOOLS SINGL DOUBL D28M 11,Raytools,"512,00",16,DOUBLE,1
1272,BICO CORTE FIBER LASER ORIGINAL RAYTOOLS SINGL DOUBL D28M 11,Raytools,"512,00",16,DOUBLE,"1,5"
1272,BICO CORTE FIBER LASER ORIGINAL RAYTOOLS SINGL DOUBL D28M 11,Raytools,"256,00",8,DOUBLE,"2,5"
1272,BICO CORTE FIBER LASER ORIGINAL RAYTOOLS SINGL DOUBL D28M 11,Raytools,"256,00",8,DOUBLE,"2,0"
1272,BICO CORTE FIBER LASER ORIGINAL RAYTOOLS SINGL DOUBL D28M 11,Raytools,"448,00",14,DOUBLE,"1,2"
1272,BICO CORTE FIBER LASER ORIGINAL RAYTOOLS SINGL DOUBL D28M 11,Raytools,"192,00",6,SINGLE,"1,2"
1272,BICO CORTE FIBER LASER ORIGINAL RAYTOOLS SINGL DOUBL D28M 11,Raytools,"192,00",6,SINGLE,"1,8"
1272,BICO CORTE FIBER LASER ORIGINAL RAYTOOLS SINGL DOUBL D28M 11,Raytools,"192,00",6,DOUBLE,"3,0"
1272,BICO CORTE FIBER LASER ORIGINAL RAYTOOLS SINGL DOUBL D28M 11,Raytools,"192,00",6,SINGLE,"3,0"
320,MANGUEIRA DE SILICONE 12MM,7899765432161,"3.522,71",126,,
28,Tubo laser CO2 100W MARCA SPT,7890001003345,"63.797,32",20,,
226,BOMBA ÁGUA DC CHILLER CW-5000 MODELO P450424D05 24V 10L/MIN,500011,"6.433,49",20,,
288,EXAUSTOR PARA MÁQUINAS DE CORTE A LASER 750W MOD: ML750,7899765432254,"21.527,94",18,,
314,ADITIVO LASER SCRIPTOR PARA GRAVAÇÃO EM METAL PASTA 50G CO2,500002,"3.089,33",19,,
975,ESPELHOS BLACK REFLETOR MOLIBDÊNIO MÁQUINAS CORTE LASER CO2,7899765432247,"5.732,09",51,25MM,
975,ESPELHOS BLACK REFLETOR MOLIBDÊNIO MÁQUINAS CORTE LASER CO2,7899765432247,"2.178,00",10,30MM,
975,ESPELHOS BLACK REFLETOR MOLIBDÊNIO MÁQUINAS CORTE LASER CO2,7899765432247,"685,80",6,20MM,
1173,LENTE DE PROTEÇÃO- 6000W,7899765432150,"2.418,00",39,24.9*15MM,
1173,LENTE DE PROTEÇÃO- 6000W,7899765432150,"6.408,00",72,27.9*4.1MM,
322,MANGUEIRA DE SILICONE 8MM,7899765432162,"696,05",28,,
997,CERÂMICA PARA CABEÇOTE DE CORTE LASER RAYTOOLS -D32 -M14,7899765432289,"2.898,30",35,,
34,Tubo laser CO2 130W MARCA SPT,7890001003369,"60.056,00",14,,
44,Tubo laser CO2 150W MARCA SPT,,"95.174,00",16,,
508,CORREIA 15MM LARGURA ABERTA DISTANCIA DOS DENTES 3MM,7890001003055,"4.591,20",76,,
328,MINI COMPRESSOR 125L PARA MÁQUINAS DE CORTE A LASER,ACO - 009D,"10.922,23",13,,
677,TUBO LASER 100W 8500HR BESTBEAM,7890001003260,"33.718,04",13,,
995,LENTE DE PROTEÇÃO- 3000W,7899765432149,"3.738,00",42,27.9*4.1MM,
995,LENTE DE PROTEÇÃO- 3000W,7899765432149,"558,00",9,24.9*15MM,
390,CABO DE ALTA TENSÃO PARA TUBO LASER SEM PLUG,500019,"4.759,94",226,,
468,"ROLAMENTO DO QUADRO DE MOVIMENTO X,Y - SG15",7890001003475,"2.844,00",118,,
695,TUBO LASER 90W MARCA SPT,7890001003321,"30.530,00",12,,
773,REGULADOR DE AR 8MM PARA MÁQUINAS DE CORTE A LASER,7890001003437,"400,34",14,,
873,CONJUNTO 3 ESPELHOS BLACK E 1 LENTE DE 20MM,7890001002928,"4.764,48",8,25MM,"58,1"
873,CONJUNTO 3 ESPELHOS BLACK E 1 LENTE DE 20MM,7890001002928,"603,90",1,25MM,76
873,CONJUNTO 3 ESPELHOS BLACK E 1 LENTE DE 20MM,7890001002928,"502,00",1,25MM,"63,5"
1031,FONTE CHAVEADA 3 EM 1 - 24V / +15-15 / 5V,7899765432224,"3.293,50",10,,
76,FONTE LASER 100W HY,7899765432230,"19.646,60",10,,
94,FONTE LASER 150W HY,7899765432234,"20.643,40",9,,
274,DIODO RED POINT MIRA LASER SUPORTE MAQUINA DE CORTE A LASER,7899765432276,"1.731,53",11,,
284,ESTABILIZADOR ENERGIA 3.3 KWA 220V MÁQUINAS DE CORTE A LASER,7899765432249,"7.092,15",9,,
346,SENSOR DE FIM DE CURSO - LEITOR FRONTAL,7890001003529,"1.115,95",13,,
458,PLUG CONECTOR FÊMEA PARA CABO DE ALTA TENSÃO (FONTE ),ML-C21,"1.127,48",32,,
941,LENTE AMERICANA (II-VI) DF 63.5 20MM,,"6.595,00",22,,
1270,MANGUEIRA DE EXAUSTÃO 5 METROS CINZA,7899765432159,"2.120,00",10,,
218,AMORTECEDOR TAMPA FRONTAL 35CM MÁQUINA CORTE LASER IMPORTADO,500007,"1.662,77",12,,
554,ÁGUA DESMINERALIZADA REFRIGERAÇÃO LASER CO2 CHILLER,DESMINERALIZADA,"295,01",17,,
567,LENTE AMERICANA (ZnSe) DF 50.8 MM 12MM,7899765432208,"1.811,80",8,,
775,REGULADOR DE AR 6MM PARA MÁQUINAS DE CORTE A LASER,7890001003420,"280,00",10,,
911,BICO DE CORTE 25MM PARA DE LENTE DE 20MM ( COM EXTENSOR),DF 50.8 / 100.1,"2.311,50",8,,
945,LENTE AMERICANA (II-VI) DF 50.8 20MM,,"5.430,00",18,,
983,LENTES AMERICANAS (ZNSE) 20MM,7899765432158,"277,20",1,"63,5",
983,LENTES AMERICANAS (ZNSE) 20MM,7899765432158,"554,40",2,76,
983,LENTES AMERICANAS (ZNSE) 20MM,7899765432158,"889,41",3,"100,1",
983,LENTES AMERICANAS (ZNSE) 20MM,7899765432158,"1.289,00",4,"38,1",
983,LENTES AMERICANAS (ZNSE) 20MM,7899765432158,"277,20",1,"50,8",
1007,DIODO RED POINT PARA CABEÇA SINO-GALVO,7899765432279,"2.087,70",12,,
1320,Etiqueta,0001,"35,00",8,,
286,EXAUSTOR PARA MÁQUINAS DE CORTE A LASER 550W MOD:ML550,7899765432253,"7.644,19",7,,
597,AMORTECEDOR TAMPA FRONTAL 41CM MÁQUINA CORTE LASER IMPORTADO,ML-40C,"1.924,63",12,,
769,CONJUNTO PLACA CONTROLADORA E PAINEL TOPWIDSOM A1,7890001002973,"13.998,29",7,,
1015,PAINEL DE COMANDO RDL-6445 PARA MÁQUINAS DE CORTE A LASER,RDL-6445,"9.281,87",7,,
1081,EXAUSTOR PARA MÁQUINAS DE CORTE A LASER 950W,7899765432255,"17.871,60",13,,
1171,ANEL DE VEDAÇÃO PARA LENTE PARA RAYTOOLS 32.2*24,Raytools,"1.016,34",10,,
1290,MOTOR DE PASSO LEADSHINE 573S20-LS servo motor híbrido trifásico 2.0,573S20-LS,"7.454,90",11,,
260,COLMEIA 1300X900 PARA MÁQUINAS DE CORTE A LASER,,"7.627,16",6,,
276,"DRIVE DE MOVIMENTO 3DM580/583 s X, Y LEADSHINE",7899765432284,"4.944,17",7,,
420,CORREIA 20MM LARGURA ABERTA DISTANCIA DOS DENTES 3M,7890001003031,"2.781,26",38,,
460,PLUG CONECTOR PARA CABO DE ALTA TENSÃO MACHO (TUBO),ML-C22,"991,90",29,,
573,ÁGUA DESMINERALIZADA 5L REFRIGERAÇÃO LASER CHILLER,ML5L,"537,82",9,,
661,CORREIA QUADRO MOVIMENTO 10MM LARGURA ABERTA DISTANCIA DENTES 2MM,7899765432273,"1.300,55",19,,
729,POLIA DO QUADRO DE MOVIMENTO 24 DENTES 3M COM FURO DE 10MM,24D8,"2.000,18",31,,
971,FONTE LASER 50W ZYE,,"5.706,92",6,,
1261,ANEL PROTEÇÃO VEDAÇÃO LENTE LASER CO2 20MM,CO2 20MM,"360,00",10,,
66,FONTE RECI DY-10 80/90W,7899765432196,"9.250,00",5,,
234,BOTÃO LIGA DESLIGA PARA MÁQUINAS DE CORTE A LASER - VERMELHO,5000014,"157,24",6,,
368,TUBO LASER 80W MARCA SPT,7890001003307,"9.896,50",5,,
422,DIODO RED POINT (MIRA LASER) PARA MAQUINA DE CORTE A LASER,,"697,35",7,,
595,Tubo laser CO2 60/70W SPT,GS70,"10.400,00",5,,
647,CÂMERA PARA MAQUINA DE CORTE LASER KIT RDV6445G CONTORNO V S,RDV6445G,"53.300,00",5,,
675,TUBO LASER 80W 8500HR BESTBEAM,7890001003314,"11.800,00",5,,
679,TUBO LASER 130W 8500HR BESTBEAM,7890001003277,"21.416,99",5,,
737,ANEL DE VEDAÇÃO PARA LENTE PARA RAYTOOLS 29.4*20,Raytools,"530,86",5,,
751,PATIM HIWIN EG15 PATIM DE GUIA LINEAR HIWIN EGH15CA SÉRIE EG,7890001004076,"2.931,18",9,,
973,LENTE DE FOCO CO2 F-THETA (USA),7899765432174,"8.222,00",4,300X300,
973,LENTE DE FOCO CO2 F-THETA (USA),7899765432174,"2.890,00",1,70X70,
1185,Lente Colimadora D30 F100 Raytools Bm110/Bm111 Com Barril,7899765432165,"4.899,80",5,,
1259,FONTE LASER 60W HY,7899765432189,"6.558,94",5,,
182,CONJUNTO PLACA CONTROLADORA RUDA RDC-6442 CPU + PAINEL HMI,7890001002959,"14.027,54",4,,
224,BOMBA DE ÁGUA DC CHILLER CW-5000 / CW-5200 24V 20L/MIN,500010,"1.660,88",4,,
352,SENSOR DE FLUXO DE ÁGUA 1/2 2 FIOS BLACK,7890001003567,"535,85",6,,
478,SUPORTE DO TUBO LASER RECI,ML-80MM,"914,72",8,,
569,"CORREIA DA POLIA DO MOTOR X,Y 228-3M - 10MM",228-3M,"19.141,34",5,,
733,PELÍCULA PARA PAINEL 6442,,"1.042,17",4,,
757,CABO FLEX PP 4 VIAS DUPLA ISOLAÇÃO PVC MOTORES DE PASSO CNC,PP4,"240,80",16,,
859,FONTE CHAVEADA 55W +15 -15,7899765432227,"5.915,00",12,,
889,TUBO LASER 50W HANZ,7890001003284,"5.017,50",4,,
903,DIODO RED POINT 12MM PARA FIBER LASER,7899765432277,"672,22",4,,
963,FONTE LASER 80W HY,7899765432190,"7.000,00",4,,
977,ESPELHOS DOURADO REFLETOR SILÍCIO MÁQUINAS CORTE LASER CO2,7899765432248,"1.000,00",5,30MM,
977,ESPELHOS DOURADO REFLETOR SILÍCIO MÁQUINAS CORTE LASER CO2,7899765432248,"2.322,14",11,25MM,
977,ESPELHOS DOURADO REFLETOR SILÍCIO MÁQUINAS CORTE LASER CO2,7899765432248,"1.091,50",5,20MM,
1133,BLOCO DE MOVIMENTO COMPLETO COM POLIA DUPLA 24/72 DENTES- 3M,23-3,"1.500,00",4,,
1137,BLOCO DE MOVIMENTO COMPLETO COM POLIA 24 DENTES - 3M,23-3,"1.590,00",6,,
1298,ROLAMENTO SG20 SEM PARAFUSO,7890001003499,"1.683,00",32,,
52,FONTE CHAVEADA 24V 10AMP,7899765432221,"665,11",3,,
80,FONTE LASER RECI DY-13 100W,7899765432192,"8.443,32",4,,
86,FONTE LASER 130W BLACK,7899765432231,"6.307,20",3,,
90,FONTE LASER DY20 130/150W,7899765432229,"2.275,00",3,,
126,CONJUNTO 3 ESPELHOS DE 25MM E 1 LENTE 20MM,,"1.811,70",3,,
222,BLOCO MOVIMENTO COMP POLIA DUP 24/72 DENTES 3M EIXO ALONGADO,500009,"1.180,00",4,,
238,CABEÇA DE CORTE LASER CO2 COMPLETA C/ REGULAGEM FOCO SUPORTE,500017,"2.070,00",3,,
294,FLY BACK 100W PARA FONTES BLACK,7899765432213,"1.841,40",3,,
430,ESTEIRA PORTA CABO DO MOVIMENTO Y 10x20,7899765432251,"462,16",4,,
432,"ESTICADOR DO ROLAMENTO DO QUADRO X,Y COM PARAFUSOS",7899765432252,"374,24",8,,
506,CHILLER CW-5000 S&A PARA MÁQUINAS DE CORTE A LASER,500029,"16.950,00",3,,
579,"CORREIA DA POLIA DO MOTOR X,Y 264-3M - 10MM",7899765432266,"245,45",4,,
583,DOBRADIÇA PARA MAQUINA DE CORTE LASER 38x52 MM,7899765432280,"371,66",7,,
681,LENTE AMERICANA (ZNSE) DF 50.8 20MM,,"866,40",3,,
713,FLY BACK 40/50W PARA FONTES DE MÁQUINAS DE CORTE A LASER STANDART,7899765432260,"845,46",3,,
723,SENSOR DE TEMPERATURA PARA CHILLER,7890001003598,"437,27",3,,
891,MINI COMPRESSOR 280L PARA MÁQUINAS DE CORTE A LASER,,"4.037,02",3,,
924,DIODO RED POINT EM CRUZ,7899765432278,"1.277,00",21,,
930,AMORTECEDOR TAMPA FRONTAL 41CM MÁQUINAS CORTE LASER NACIONAL,ML-40C,"1.290,36",6,,
955,GERADOR DE FIBRA LASER RAYCUS (FONTE FIBER LASER) 30QS,7899765432199,"36.201,80",3,,
981,LENTES AMERICANAS (II-VI) 19MM,7899765432156,"778,00",2,"50,8",
981,LENTES AMERICANAS (II-VI) 19MM,7899765432156,"778,00",2,"63,5",
1013,CONJUNTO PLACA CONTROLADORA RUDA RDC-6445 (CPU + PAINEL HMI),7890001002966,"11.700,00",3,,
1029,FONTE CHAVEADA 2 EM 1 - 24V E 5V,7899765432220,"1.089,67",3,,
1085,PATIM PMI SEM ABAS - MODELO : MSB15SSSFCN,MSB15SSSSFCN,"1.855,59",6,,
1167,Lente Protetora Para Solda Laser D20 T3 - Foco Solda Laser,7899765432154,"1.145,00",12,,
1251,LENTE DE FOCO PARA RAYTOOLS CABEÇOTE FIBER RAYTOOLS D30-F155,7899765432140,"5.250,00",3,,
70,FONTE LASER 80W ZYE,7899765432191,"2.992,50",2,,
184,PLACA CONTROLADORA CPU RDC-6442-S PARA MÁQUINAS CORTE LASER,RDC-6442-G,"4.900,00",2,,
212,FLY BACK 130/150W PARA FONTES BLACK,7899765432215,"1.431,60",2,,
214,ACOPLADOR DO MOTOR DE PASSO CNC 41X49 FURO 12MM FLEXÍVEL,500004,"498,96",3,,
232,BOTÃO DE EMERGÊNCIA PARA MÁQUINAS DE CORTE A LASER,500013,"190,48",2,botao de emergencia,
236,BOTÃO PULSO PARA MÁQUINAS DE CORTE A LASER,5000015,"51,98",2,,
332,MOTOR DE PASSO LEADSHINE 3 FASES - 573S10,500003,"1.580,00",2,,
348,"SENSOR DE FIM DE CURSO, PARA MÁQUINAS DE CORTE A LASER NPN - LEITOR LATERAL",7890001003536,"170,00",2,,
350,SENSOR DE FLUXO DE ÁGUA (BRONZE),7890001003505,"428,70",4,,
392,CHILLER JL-3000 PARA MÁQUINAS DE CORTE A LASER.,500029,"3.400,00",2,,
472,SUPORTE DO PRIMEIRO ESPELHO 25MM,SP-SPE25MM,"498,96",2,,
474,SUPORTE DO SEGUNDO ESPELHO 25MM,ML-SE02-25MM,"873,18",3,,
498,FONTE CHAVEADA 48V 10AMP PARA MÁQUINAS DE CORTE A LASER,7899765432226,"610,00",2,,
556,COMPRESSOR DE CHILLER CW5000 E CW5200,BSA645CN-R1EN,"3.792,50",2,,
581,"CORREIA DA POLIA DO MOTOR X,Y HTD228-3M - 15MM",7899765432270,"183,41",4,,
619,CABO USB 2.0 PARA MAQUINA DE CORTE 5 METROS,MLCB5M,"158,62",2,,
645,MILIAMPERÍMETRO 30MA PARA MÁQUINAS DE CORTE A LASER,7899765432108,"300,00",3,,
673,TUBO LASER 60/70W 8500HR BESTBEAM,7890001003291,"6.600,00",3,,
691,SUPORTE PARA AJUSTE DE ESPELHOS,m1 m2 m3,"285,00",3,,
697,CORREIA DO QUADRO DE MOVIMENTO 6MM LARGURA ABERTA DISTANCIA DOS DENTES 2MM,,"318,00",5,,
711,LENTE AMERICANA (II-IV) 18MM DF 50.8,,"886,00",3,,
725,POLIA DE DO QUADRO DE MOVIMENTO 24 DENTES 3M COM FURO DE 8MM,ML-24D8,"200,94",3,,
727,POLIA DO QUADRO DE MOVIMENTO 24 DENTES 3M COM FURO DE 12MM,ML-24D8,"278,36",4,,
739,DRIVE LEADSHINE DM542-05,2 FASES,"2.340,00",3,,
745,MÁQUINA FIBER LASER PORTÁTIL 15X15 30W,7899765432116,"49.960,00",2,,
759,CABO PP FLEX 3 VIAS DUPLA ISOLAÇÃO ALIMENTAÇÃO PRINCI F+N +T,3 vias,"122,61",4,,
785,"PLUG CONECTOR COM 2,5 METROS DE CABO (TUBO)",,"110,00",2,,
795,SENSOR DE FLUXO DE ÁGUA PLASTICO,7890001003574,"145,00",2,,
797,SENSOR DE FLUXO DE ÁGUA (3 FIOS),7890001003543,"517,28",3,,
817,EIXO ROTATIVO AUTOMATICO,7899765432241,"8.400,00",2,,
885,MÁQUINA DE CORTE A LASER 150 WATTS MODELO ML-1610,7899765432136,"106.000,00",2,,
887,EIXO ROTATIVO 04 FIOS PARA MÁQUINAS PEQUENAS,7899765432246,"4.783,95",2,,
913,MÁQUINA FIBER LASER 20W ÁREA 11X11,,"46.000,00",2,,
969,FONTE LASER 50W HY,7899765432188,"1.780,00",2,,
1003,CABO DE EXTENSÃO MACHO E FÊMEA PLUG AND PLAY PARA LASER/CNC,PLUG AND PLAY,"170,00",2,,
1051,ÓCULOS DE PROTEÇÃO PARA FIBER LASER,7890001003949,"642,16",2,,
1131,CABEÇA DE CORTE COMPLETA ESQUERDO SEM REGULADOR DE AR,25MM,"1.240,00",2,,
1145,"CORREIA DA POLIA DO MOTOR X,Y 300-S3M - 15MM",7899765432261,"234,00",4,,
1147,MINI COMPRESSOR 280L PARA MÁQUINAS DE CORTE A LASER,7890001003888,"2.380,00",2,,
1153,Conector do sensor laser BM111/BM110- Raytools,BM111,"3.024,00",2,,
1169,CERÂMICA PARA CABEÇOTE DE CORTE LASER RAYTOOLS - D28,M8,"1.211,00",14,,
1175,LENTE DE PROTEÇÃO- 2000W,7899765432149,"801,00",9,27.9*4.1MM,
1179,Lente De Focalização D20 - F150 PARA MÁQUINA DE SOLDA,7899765432173,"2.080,00",4,,
1181,Lente Colimadora D30 F100 Raytools Bm111/Bm110 Com Barril,,"1.868,00",2,,
1263,FONTE CHAVEADA 24V 5AMP,7899765432223,"374,22",2,,
1274,"8884 MAQUINA DE CORTE A LASER, MODELO 1810, COM ESTEIRA E ALIMENTADOR AUTOMATICO, COM 4 CABECAS, 4 TUBOS CO2, 150W, 220V",1810,"240.000,00",2,,
1276,Cabo sensor laser Raytools- BM110/BM111/ BM115 /BT230 /BT240,RAYTOOLS,"266,50",4,,
1292,MOTOR DE PASSO 573S10-LS LEADSHINE 3 FASES,7890001003901,"3.263,77",5,,
1328,ESTABILIZADOR ENERGIA 4 KWA 220V PARA MÁQUINAS CORTE A LASER,7899765432250,"2.200,00",2,,
1342,MÁQUINA DE CORTE A LASER 100 WATTS MODELO MLC-1490,7899765432126,"70.000,00",2,,
1366,MÁQUINA FIBER LASER PORTÁTIL VACINA ANTI FURTO 30W C BATERIA,7890001004243,"59.000,00",2,,
1392,Película Para Painel RDC 6445 (Membrana),,"650,70",2,,
24,Tubo laser CO2 100W MARCA YONGLI 7500 HORAS R5,,"3.100,00",1,,
58,FONTE LASER 40W 220V ZYE,7899765432236,"841,50",1,,
116,ESPELHO BLACK DE 20MM,,"415,80",3,,
122,ESPELHO DOURADO DE 25MM,,"1.520,00",8,,
148,MÁQUINA DE CORTE A LASER 100W MODELO ML-1080,7899765432131,"37.999,00",1,,
154,MÁQUINA DE CORTE A LASER 100W MODELO BB-1310 - 2 CABEÇAS,7899765432128,"52.000,00",1,,
200,PAINEL DE COMANDO RDL-6442 PARA MÁQUINAS DE CORTE A LASER,RDL-6442,"1.025,00",1,,
220,BICO DE CORTE 21MM PARA LENTES DE 20MM DF 50.8 LASER CO2,500008,"259,00",1,,
254,CAPACITOR PARA O CHILLER CW 5000 / 5200 17uF PARTIDA,CPCW500,"150,72",1,,
256,COLMEIA 1000X800 PARA MÁQUINAS DE CORTE A LASER,MLC-1080,"1.250,00",1,,
262,COLMEIA 1400X900 PARA MÁQUINAS DE CORTE A LASER,,"1.700,00",1,,
270,COOLER DO CHILLER CW5000/5200 2 FIOS,7890001003000,"379,11",1,,
282,EIXO ROTATIVO PARA MÁQUINA GALVONOMETRICA,7899765432245,"2.550,00",1,,
300,FLY BACK 80/90W PARA FONTES RECI DY-10,7899765432217,"682,50",1,,
312,LASER SCRIPTOR PARA GRAVAÇÃO EM METAL PASTA 100G,,"315,00",1,,
330,MINI COMPRESSOR 150L PARA MÁQUINAS DE CORTE A LASER,,"851,35",1,,
336,ÓCULOS DE PROTEÇÃO PARA LASER CO2,10600nm OD5+,"321,08",1,,
376,FLY BACK 80W PARA FONTES BLACK,7899765432218,"1.108,80",2,,
426,DRIVE DE MOVIMENTO 422 LEADSHINE,7899765432285,"541,59",1,,
464,POTENCIÔMETRO PARA MÁQUINAS DE CORTE A LASER,WTH118-2W - 4K7,"210,00",3,,
510,"ÁLCOOL ISOPROPÍLICO 200ML LIMPEZA DE LENTES E ESPELHOS 99,8%",500005,"51,98",2,,
516,FILTRO EMI 20A,7899765432258,"155,00",1,,
563,CABEÇA DE CORTE COMPLETA DIREITO SEM REGULADOR DE AR,25MM,"588,13",1,,
577,FECHADURA PORTA MAQUINA,7899765432256,"850,00",10,,
589,PLUG CONECTOR PARA CHILLER - 4 PINOS,7890001003789,"0,10",1,,
591,COLMEIA 600X400,7899765432290,"1.118,71",1,,
605,LENTE AMERICANA (ZNSE) DF 63.5 25MM,,"1.091,47",1,,
623,"CORREIA DA POLIA DO MOTOR X,Y 255-3M - 10MM",7899765432265,"122,04",2,,
625,"CORREIA DA POLIA DO MOTOR X,Y HTD255-3M - 15MM",7899765432271,"73,59",1,,
635,"CORREIA DA POLIA DO MOTOR X,Y 306-3M - 10MM",7899765432287,"122,04",2,,
667,BICO DE CORTE CO2 25MM LENTE 20MM DF 50.8 / 63.5 C REGULAGEM,DF 50.8 / 63.5,"295,00",1,,
683,LENTE AMERICANA (ZNSE) DF 63.5 20MM,,"554,40",2,,
715,"POLIA DO QUADRO DE MOVIMENTO 24 DENTES 3M COM FURO D 6,35 MM",ML-24D,"267,92",4,,
735,PELÍCULA PARA PAINEL RDC 6332 (Membrana),RDC6332,"270,30",1,,
761,CONECTOR TRIPOLAR (TOMADA DA MAQUINA) COM PORTA FUSIVEL,,"110,00",1,,
777,REGULADOR DE AR 4 MM PARA MÁQUINAS DE CORTE A LASER,7890001003413,"37,38",1,,
825,CABEÇA SINO GALVO PARA FIBER LASER,1064 NM,"4.022,86",1,,
827,PLACA CONTROLADORA FIBER LASER,B-LV4A,"3.900,00",1,,
855,DIODO PARA AJUSTE DE FOCO PARA FIBER LASER,7899765432275,"1.319,40",2,,
871,CHILLER JL-5200 PARA MAQUINA DE CORTE A LASER,JL5200,"4.570,00",1,,
879,MÁQUINA 6040 DESKTOP COM CHILLER CW3000,7899765432122,"17.900,00",1,60W,
893,PLACA CONTROLADORA FIBER LASER,,"3.900,00",1,,
907,TERMÔMETRO DE MEDIR TEMPERATURA DA ÁGUA,LCD,"110,00",1,,
915,ADAPTADOR DE LENTE FIBER LASER M79 PARA M85,M79 M85,"350,00",1,,
922,"CORREIA DA POLIA DO MOTOR X,Y 225-3M - 15MM",7899765432264,"310,00",5,,
926,AMORTECEDOR TAMPA FRONTAL 29CM MÁQUINAS CORTE LASER NACIONAL,ML-29C,"290,00",2,,
928,AMORTECEDOR TAMPA FRONTAL 35CM MÁQUINAS CORTE LASER NACIONAL,ML-35C,"407,32",2,,
943,LENTE AMERICANA (II-VI) DF 100.1 20MM,,"10,00",1,,
947,COLUNA ELEVATÓRIA DE LASER,7890001002805,"2.250,00",1,,
953,GERADOR DE FIBRA LASER RAYCUS (FONTE FIBER LASER) 50QB,7899765432200,"17.500,00",1,,
993,LENTE DE PROTEÇÃO INFERIOR JGS1 37x7 mm,7899765432148,"447,00",3,,
1005,TUBO LASER CO2 MARCA PURI 40W 7500 HORAS,,"1.150,00",1,,
1025,PAINEL DE COMANDO TOPWISDOM A4 MULTI-EIXOS E ALTA VELOCIDADE,7890001004045,"2.787,00",3,,
1027,SENSOR FLUXO DE ÁGUA - 4 FIOS - ORIGINAL SA,7890001003604,"410,00",1,,
1035,PAINEL DE CONTROLE DE TEMPERATURA DO CHILLER RY1005,RY1005,"368,90",1,,
1037,SENSOR DE TEMPERATURA INTERNA CHILLER,7890001003581,"132,56",1,,
1041,BICO DE CORTE 24MM PARA LENTES DE 20MM,ML-BI-24MM,"295,00",1,,
1045,LENTE DE COMBINAÇÃO PARA FIBER 1064NM 20MM,7899765432172,"450,00",1,,
1047,LENTES AMERICANAS (II-VI) 25MM,7899765432157,"900,00",1,"50,8",
1053,PURIFICADOR PARA MÁQUINA GALVANOMÉTRICA 100W,7890001003383,"4.350,00",1,,
1065,ROLAMENTO DO BLOCO DE MOVIMENTO,7890001003468,"608,00",16,,
1071,CHILLER JL-5202 PARA MAQUINA DE CORTE A LASER,JL5202,"8.500,00",1,,
1089,LENTE PARA MÁQUINAS UV,7899765432153,"2.552,00",1,110X110,
1091,MÁQUINA DE CORTE 7050 - COM MESA MÓVEL - CHILLER,7899765432123,"22.000,00",1,80W,
1093,DRIVE LEADSHINE DM542,,"639,00",1,,
1103,BOTÃO LIGA/ DESLIGA PARA MÁQUINAS DE CORTE A LASER - VERDE,ML-02,"112,95",3,,
1105,PLUG CONECTOR PARA CHILLER - 3 PINOS,7890001003772,"40,92",1,,
1135,BLOCO DE MOVIMENTO COMPLETO POLIA 24 DENTES 3M EIXO ALONGADO,23-3,"280,00",1,,
1141,"CORREIA DA POLIA DO MOTOR X,Y 351-S3M - 10MM",7899765432262,"162,00",3,,
1143,"CORREIA DA POLIA DO MOTOR X,Y 264-3M - 15MM",7899765432267,"127,42",2,,
1151,Conector do sensor laser BT240- Raytools,BT240S,"2.219,10",1,,
1155,Conector do sensor laser F150- Raytools,F150,"1.950,00",1,,
1157,Conector do sensor laser BM110 NEW - Raytools,BM110 NEW,"1.560,05",1,,
1165,Conector do sensor laser BM110 OLD - Raytools,BM110 OLD,"3.130,00",2,,
1177,Kit Bico Solda Laser Original Raytools Cabeçote BW101-GS 13,7899765432207,"1.252,00",1,,
1187,Lente Colimadora D28 F100 Raytools Bm109 Com Barril,7900003645068,"1.950,00",1,,
1201,LENTE FOCO SUPORTE LENTE CABEÇA CORTE LASER D30 - F150-BM110,7899765432180,"1.935,00",1,,
1233,LENTE COLIMAÇÃO (CABEÇOTE FIBER RAYTOOLS) D30-F100,7899765432211,"1.250,00",1,,
1249,LENTE DE FOCO PARA RAYTOOLS CABEÇOTE FIBER RAYTOOLS D28-F150,7899765432187,"1.600,00",1,,
1266,Cabo Usb X Usb (tipo A) 3 Mts Com Ferrite,USB A-A,"330,00",15,,
1284,Sensor De Altura Cabeca Precitec Procutter 2.0,7890001003512,"10.307,04",1,,
1288,Janela de proteção inferior D30 T5 Thunder 12kW PRECITEC,7899765432202,"1.680,00",5,,
1294,ADAPTADOR DE LENTE FIBER LASER M68 PARA M85,M68 M85,"300,00",1,,
1302,Máquina de Gravação a Laser com Câmera automática - CCD UV,7890001004182,"98.000,00",1,,
1310,Raytools Cerâmica Laser D19.5 M8,7890001003390,"178,00",2,,
1330,DIODO LASER CO2 YONGLI MIRA LASER EXCLUSIVO PARA TUBO YONGLI,7899765432274,"1.135,00",1,,
1368,MÁQUINA FIBER LASER PORTÁTIL VACINA ANTI FURTO 50W C BATERIA,7890001004250,"43.000,00",1,,
1386,Bateria Extra - Máquina Laser Vacina Anti furto,,"4.000,00",1,,
1398,Placa de controle de laser de CO2 Trocen Awc7813,,"2.850,00",1,,
1408,Fonte ZYE - 100w,,"1.799,99",1,,
1416,PAINEL CONTROLADORA RUIDA RDC-6585G,,"1.845,12",1,,
1420,Máquina de corte a Laser 1310 BestBeam - 1 Cabeça,130W C/C,"46.000,00",1,130W,COM CÂMERA
1426,Máquina de corte a Laser BB-1080 - 100W,1080 S/C,"36.375,00",1,SEM CÂMERA,