Vendas por período - 01/03/2026 até 31/07/2026,,,,,,,
Dia,Quantidade de pedidos,Valor dos pedidos,Quantidade de vendas,Valor das vendas,Quantidade de pedidos cancelados,Valor pedidos cancelados,Conversão venda
02/03/26,8,"161.792,69",7,"161.308,23",1,"484,46","87,50"
03/03/26,11,"7.988,31",9,"7.779,20",2,"209,11","81,82"
04/03/26,9,"10.244,31",7,"8.455,99",2,"1.788,32","77,78"
05/03/26,7,"6.260,21",7,"6.260,21",0,"0,00","100,00"
06/03/26,2,"3.216,90",2,"3.216,90",0,"0,00","100,00"
07/03/26,1,"136,41",1,"136,41",0,"0,00","100,00"
08/03/26,1,"42,48",1,"42,48",0,"0,00","100,00"
09/03/26,10,"13.826,15",10,"13.826,15",0,"0,00","100,00"
10/03/26,9,"41.158,06",7,"21.576,00",2,"19.582,06","77,78"
11/03/26,8,"17.076,37",8,"17.076,37",0,"0,00","100,00"
12/03/26,13,"21.585,15",13,"21.585,15",0,"0,00","100,00"
13/03/26,6,"8.524,91",5,"5.737,91",1,"2.787,00","83,33"
14/03/26,1,"149,06",1,"149,06",0,"0,00","100,00"
15/03/26,0,"0,00",0,"0,00",0,"0,00","0,00"
16/03/26,9,"17.521,01",7,"6.391,29",2,"11.129,72","77,78"
17/03/26,15,"23.926,13",14,"23.926,13",1,"0,00","93,33"
18/03/26,9,"8.363,97",7,"3.517,41",2,"4.846,56","77,78"
19/03/26,10,"10.058,54",9,"9.702,14",1,"356,40","90,00"
20/03/26,11,"9.458,76",11,"9.458,76",0,"0,00","100,00"
21/03/26,2,"2.834,94",2,"2.834,94",0,"0,00","100,00"
22/03/26,0,"0,00",0,"0,00",0,"0,00","0,00"
23/03/26,8,"8.461,20",8,"8.461,20",0,"0,00","100,00"
24/03/26,7,"5.360,77",6,"4.953,45",1,"407,32","85,71"
25/03/26,6,"7.906,04",6,"7.906,04",0,"0,00","100,00"
26/03/26,6,"6.829,73",4,"6.422,73",2,"407,00","66,67"
27/03/26,10,"38.421,88",7,"1.408,60",3,"37.013,28","70,00"
28/03/26,1,"2.349,16",1,"2.349,16",0,"0,00","100,00"
29/03/26,0,"0,00",0,"0,00",0,"0,00","0,00"
30/03/26,4,"9.880,96",4,"9.880,96",0,"0,00","100,00"
31/03/26,8,"10.346,13",8,"10.346,13",0,"0,00","100,00"
01/04/26,4,"1.314,27",4,"1.314,27",0,"0,00","100,00"
02/04/26,7,"8.943,17",5,"6.248,71",2,"2.694,46","71,43"
03/04/26,0,"0,00",0,"0,00",0,"0,00","0,00"
04/04/26,1,"61,02",1,"61,02",0,"0,00","100,00"
05/04/26,0,"0,00",0,"0,00",0,"0,00","0,00"
06/04/26,12,"13.113,66",12,"13.113,66",0,"0,00","100,00"
07/04/26,19,"18.524,91",17,"16.881,58",2,"1.643,33","89,47"
08/04/26,12,"19.134,67",11,"19.055,35",1,"79,32","91,67"
09/04/26,5,"11.342,55",3,"7.778,55",2,"3.564,00","60,00"
10/04/26,6,"41.016,99",5,"37.566,99",0,"0,00","83,33"
11/04/26,0,"0,00",0,"0,00",0,"0,00","0,00"
12/04/26,0,"0,00",0,"0,00",0,"0,00","0,00"
13/04/26,2,"557,13",2,"557,13",0,"0,00","100,00"
14/04/26,9,"9.116,95",8,"6.841,49",1,"2.275,46","88,89"
15/04/26,14,"20.286,65",11,"18.160,87",3,"2.125,78","78,57"
16/04/26,9,"21.880,59",8,"20.572,48",1,"1.308,11","88,89"
17/04/26,7,"10.830,21",7,"10.830,21",0,"0,00","100,00"
18/04/26,0,"0,00",0,"0,00",0,"0,00","0,00"
19/04/26,0,"0,00",0,"0,00",0,"0,00","0,00"
20/04/26,6,"11.789,63",5,"2.929,63",1,"8.860,00","83,33"
21/04/26,1,"42,04",1,"42,04",0,"0,00","100,00"
22/04/26,6,"73.288,74",5,"13.288,74",1,"60.000,00","83,33"
23/04/26,10,"10.730,40",9,"9.795,80",1,"934,60","90,00"
24/04/26,6,"9.624,64",6,"9.624,64",0,"0,00","100,00"
25/04/26,0,"0,00",0,"0,00",0,"0,00","0,00"
26/04/26,0,"0,00",0,"0,00",0,"0,00","0,00"
27/04/26,6,"86.697,23",6,"86.697,23",0,"0,00","100,00"
28/04/26,12,"19.999,88",12,"19.999,88",0,"0,00","100,00"
29/04/26,7,"6.232,07",7,"6.232,07",0,"0,00","100,00"
30/04/26,7,"7.538,01",7,"7.538,01",0,"0,00","100,00"
01/05/26,2,"163,05",1,"41,23",1,"121,82","50,00"
02/05/26,0,"0,00",0,"0,00",0,"0,00","0,00"
03/05/26,0,"0,00",0,"0,00",0,"0,00","0,00"
04/05/26,6,"10.481,45",5,"5.881,45",1,"4.600,00","83,33"
05/05/26,5,"7.859,00",4,"5.171,42",1,"2.687,58","80,00"
06/05/26,8,"5.057,87",7,"4.613,91",1,"443,96","87,50"
07/05/26,8,"3.042,51",8,"3.042,51",0,"0,00","100,00"
08/05/26,9,"8.477,37",9,"8.477,37",0,"0,00","100,00"
09/05/26,0,"0,00",0,"0,00",0,"0,00","0,00"
10/05/26,0,"0,00",0,"0,00",0,"0,00","0,00"
11/05/26,9,"13.235,25",9,"13.235,25",0,"0,00","100,00"
12/05/26,11,"14.324,83",11,"14.324,83",0,"0,00","100,00"
13/05/26,11,"23.694,68",11,"23.694,68",0,"0,00","100,00"
14/05/26,3,"1.873,09",2,"943,09",1,"930,00","66,67"
15/05/26,1,"128,00",1,"128,00",0,"0,00","100,00"
16/05/26,4,"243,54",4,"243,54",0,"0,00","100,00"
17/05/26,0,"0,00",0,"0,00",0,"0,00","0,00"
18/05/26,12,"22.020,50",12,"22.020,50",0,"0,00","100,00"
19/05/26,6,"10.308,46",6,"10.308,46",0,"0,00","100,00"
20/05/26,8,"3.306,22",7,"3.176,22",1,"130,00","87,50"
21/05/26,7,"11.012,41",6,"8.051,41",1,"2.961,00","85,71"
22/05/26,10,"9.484,21",10,"9.484,21",0,"0,00","100,00"
23/05/26,2,"243,15",2,"243,15",0,"0,00","100,00"
24/05/26,2,"2.640,41",2,"2.640,41",0,"0,00","100,00"
25/05/26,12,"29.421,14",11,"15.321,14",1,"14.100,00","91,67"
26/05/26,7,"7.850,19",6,"7.032,19",1,"818,00","85,71"
27/05/26,16,"22.793,68",14,"18.395,82",2,"4.397,86","87,50"
28/05/26,9,"6.042,99",8,"4.739,10",1,"1.303,89","88,89"
29/05/26,4,"20.882,36",4,"20.882,36",0,"0,00","100,00"
30/05/26,0,"0,00",0,"0,00",0,"0,00","0,00"
31/05/26,1,"34,30",1,"34,30",0,"0,00","100,00"
01/06/26,4,"3.454,42",4,"3.454,42",0,"0,00","100,00"
02/06/26,5,"7.560,34",5,"7.560,34",0,"0,00","100,00"
03/06/26,5,"155.611,45",5,"155.611,45",0,"0,00","100,00"
04/06/26,4,"2.032,40",4,"2.032,40",0,"0,00","100,00"
05/06/26,3,"2.099,90",3,"2.099,90",0,"0,00","100,00"
06/06/26,0,"0,00",0,"0,00",0,"0,00","0,00"
07/06/26,2,"2.258,93",0,"0,00",2,"2.258,93","0,00"
08/06/26,8,"7.294,40",7,"6.965,70",1,"328,70","87,50"
09/06/26,12,"54.650,60",10,"9.850,61",2,"44.799,99","83,33"
10/06/26,8,"28.688,36",8,"28.688,36",0,"0,00","100,00"
11/06/26,14,"148.854,66",12,"136.984,86",2,"11.869,80","85,71"
12/06/26,5,"2.532,58",5,"2.532,58",0,"0,00","100,00"
13/06/26,0,"0,00",0,"0,00",0,"0,00","0,00"
14/06/26,1,"142,00",1,"142,00",0,"0,00","100,00"
15/06/26,5,"1.955,35",5,"1.955,35",0,"0,00","100,00"
16/06/26,7,"4.406,07",7,"4.406,07",0,"0,00","100,00"
17/06/26,2,"585,20",2,"585,20",0,"0,00","100,00"
18/06/26,6,"3.991,73",6,"3.991,73",0,"0,00","100,00"
19/06/26,6,"31.296,21",4,"29.111,16",2,"2.185,05","66,67"
20/06/26,3,"805,86",3,"805,86",0,"0,00","100,00"
21/06/26,0,"0,00",0,"0,00",0,"0,00","0,00"
22/06/26,8,"31.065,87",8,"31.065,87",0,"0,00","100,00"
23/06/26,7,"3.366,73",6,"3.281,18",1,"85,55","85,71"
24/06/26,7,"6.140,39",7,"6.140,39",0,"0,00","100,00"
25/06/26,6,"2.524,61",6,"2.524,61",0,"0,00","100,00"
26/06/26,8,"10.900,46",8,"10.900,46",0,"0,00","100,00"
27/06/26,3,"690,80",3,"690,80",0,"0,00","100,00"
28/06/26,0,"0,00",0,"0,00",0,"0,00","0,00"
29/06/26,7,"6.911,42",7,"6.911,42",0,"0,00","100,00"
30/06/26,6,"7.008,93",6,"7.008,93",0,"0,00","100,00"
01/07/26,10,"19.052,62",7,"6.681,81",3,"12.370,81","70,00"
02/07/26,12,"29.717,61",10,"26.455,27",2,"3.262,34","83,33"
03/07/26,7,"4.755,63",7,"4.755,63",0,"0,00","100,00"
04/07/26,1,"3.033,47",1,"3.033,47",0,"0,00","100,00"
05/07/26,1,"281,06",0,"0,00",1,"281,06","0,00"
06/07/26,4,"37.076,06",4,"37.076,06",0,"0,00","100,00"
07/07/26,11,"7.511,09",11,"7.511,09",0,"0,00","100,00"
08/07/26,11,"13.698,55",9,"13.398,06",1,"163,27","81,82"
09/07/26,4,"2.820,91",3,"1.393,41",1,"1.427,50","75,00"
10/07/26,8,"27.878,08",8,"27.878,08",0,"0,00","100,00"
11/07/26,1,"1.155,35",1,"1.155,35",0,"0,00","100,00"
12/07/26,0,"0,00",0,"0,00",0,"0,00","0,00"
13/07/26,11,"22.622,04",11,"22.622,04",0,"0,00","100,00"
14/07/26,7,"6.838,63",5,"5.526,06",2,"1.312,57","71,43"
15/07/26,7,"13.920,09",7,"13.920,09",0,"0,00","100,00"
16/07/26,9,"4.719,21",9,"4.719,21",0,"0,00","100,00"
17/07/26,4,"3.659,58",4,"3.659,58",0,"0,00","100,00"
18/07/26,1,"40,92",1,"40,92",0,"0,00","100,00"
19/07/26,1,"1.488,16",1,"1.488,16",0,"0,00","100,00"
20/07/26,8,"40.908,73",8,"40.908,73",0,"0,00","100,00"
21/07/26,7,"12.139,91",7,"12.139,91",0,"0,00","100,00"
22/07/26,10,"30.637,43",10,"30.637,43",0,"0,00","100,00"
23/07/26,8,"21.001,47",7,"3.501,47",1,"17.500,00","87,50"
24/07/26,7,"31.894,89",7,"31.894,89",0,"0,00","100,00"
25/07/26,1,"199,47",1,"199,47",0,"0,00","100,00"
26/07/26,1,"162,75",1,"162,75",0,"0,00","100,00"
27/07/26,8,"86.344,47",7,"54.299,42",0,"0,00","87,50"
28/07/26,6,"18.853,90",6,"18.853,90",0,"0,00","100,00"
29/07/26,2,"1334,78",1,"1178,85",0,0,50